sample_id,filename,split,signer_id,class,session_id,lighting,background,camera,distance,resolution,motion_level
sample_00001,signer_01_G_sample_00001.jpg,train,signer_01,G,signer_01_session_1,low,room,laptop_webcam,medium,224x224,low_motion
sample_00002,signer_02_G_sample_00002.jpg,train,signer_02,G,signer_02_session_1,backlit,visually_complex,external_webcam,far,224x224,none
sample_00003,signer_01_G_sample_00003.jpg,train,signer_01,G,signer_01_session_1,cool,cluttered,laptop_webcam,close,224x224,none
sample_00004,signer_02_G_sample_00004.jpg,train,signer_02,G,signer_02_session_1,normal,plain,external_webcam,medium,224x224,none
sample_00005,signer_01_G_sample_00005.jpg,train,signer_01,G,signer_01_session_1,bright,outdoor,laptop_webcam,far,224x224,low_motion
sample_00006,signer_02_G_sample_00006.jpg,train,signer_02,G,signer_02_session_2,warm,room,external_webcam,close,224x224,none
sample_00007,signer_01_G_sample_00007.jpg,train,signer_01,G,signer_01_session_2,shadows,visually_complex,laptop_webcam,medium,224x224,none
sample_00008,signer_02_G_sample_00008.jpg,train,signer_02,G,signer_02_session_2,low,cluttered,external_webcam,far,224x224,none
sample_00009,signer_01_G_sample_00009.jpg,train,signer_01,G,signer_01_session_2,backlit,plain,laptop_webcam,close,224x224,low_motion
sample_00010,signer_02_G_sample_00010.jpg,train,signer_02,G,signer_02_session_2,cool,outdoor,external_webcam,medium,224x224,none
sample_00011,signer_01_G_sample_00011.jpg,train,signer_01,G,signer_01_session_3,normal,room,laptop_webcam,far,224x224,none
sample_00012,signer_02_G_sample_00012.jpg,train,signer_02,G,signer_02_session_3,bright,visually_complex,external_webcam,close,224x224,none
sample_00013,signer_01_G_sample_00013.jpg,train,signer_01,G,signer_01_session_3,warm,cluttered,laptop_webcam,medium,224x224,low_motion
sample_00014,signer_02_G_sample_00014.jpg,train,signer_02,G,signer_02_session_3,shadows,plain,external_webcam,far,224x224,none
sample_00015,signer_01_G_sample_00015.jpg,train,signer_01,G,signer_01_session_3,low,outdoor,laptop_webcam,close,224x224,none
sample_00016,signer_02_G_sample_00016.jpg,train,signer_02,G,signer_02_session_4,backlit,room,external_webcam,medium,224x224,none
sample_00017,signer_01_G_sample_00017.jpg,train,signer_01,G,signer_01_session_4,cool,visually_complex,laptop_webcam,far,224x224,low_motion
sample_00018,signer_02_G_sample_00018.jpg,train,signer_02,G,signer_02_session_4,normal,cluttered,external_webcam,close,224x224,none
sample_00019,signer_01_G_sample_00019.jpg,train,signer_01,G,signer_01_session_4,bright,plain,laptop_webcam,medium,224x224,none
sample_00020,signer_02_G_sample_00020.jpg,train,signer_02,G,signer_02_session_4,warm,outdoor,external_webcam,far,224x224,none
sample_00021,signer_01_G_sample_00021.jpg,train,signer_01,G,signer_01_session_5,shadows,room,laptop_webcam,close,224x224,low_motion
sample_00022,signer_02_G_sample_00022.jpg,train,signer_02,G,signer_02_session_5,low,visually_complex,external_webcam,medium,224x224,none
sample_00023,signer_01_G_sample_00023.jpg,train,signer_01,G,signer_01_session_5,backlit,cluttered,laptop_webcam,far,224x224,none
sample_00024,signer_02_G_sample_00024.jpg,train,signer_02,G,signer_02_session_5,cool,plain,external_webcam,close,224x224,none
sample_00025,signer_01_G_sample_00025.jpg,train,signer_01,G,signer_01_session_5,normal,outdoor,laptop_webcam,medium,224x224,low_motion
sample_00026,signer_02_G_sample_00026.jpg,train,signer_02,G,signer_02_session_6,bright,room,external_webcam,far,224x224,none
sample_00027,signer_01_G_sample_00027.jpg,train,signer_01,G,signer_01_session_6,warm,visually_complex,laptop_webcam,close,224x224,none
sample_00028,signer_02_G_sample_00028.jpg,train,signer_02,G,signer_02_session_6,shadows,cluttered,external_webcam,medium,224x224,none
sample_00029,signer_01_G_sample_00029.jpg,train,signer_01,G,signer_01_session_6,low,plain,laptop_webcam,far,224x224,low_motion
sample_00030,signer_02_G_sample_00030.jpg,train,signer_02,G,signer_02_session_6,backlit,outdoor,external_webcam,close,224x224,none
sample_00031,signer_01_I_sample_00031.jpg,train,signer_01,I,signer_01_session_1,backlit,room,laptop_webcam,medium,224x224,low_motion
sample_00032,signer_02_I_sample_00032.jpg,train,signer_02,I,signer_02_session_1,cool,visually_complex,external_webcam,far,224x224,none
sample_00033,signer_01_I_sample_00033.jpg,train,signer_01,I,signer_01_session_1,normal,cluttered,laptop_webcam,close,224x224,none
sample_00034,signer_02_I_sample_00034.jpg,train,signer_02,I,signer_02_session_1,bright,plain,external_webcam,medium,224x224,none
sample_00035,signer_01_I_sample_00035.jpg,train,signer_01,I,signer_01_session_1,warm,outdoor,laptop_webcam,far,224x224,low_motion
sample_00036,signer_02_I_sample_00036.jpg,train,signer_02,I,signer_02_session_2,shadows,room,external_webcam,close,224x224,none
sample_00037,signer_01_I_sample_00037.jpg,train,signer_01,I,signer_01_session_2,low,visually_complex,laptop_webcam,medium,224x224,none
sample_00038,signer_02_I_sample_00038.jpg,train,signer_02,I,signer_02_session_2,backlit,cluttered,external_webcam,far,224x224,none
sample_00039,signer_01_I_sample_00039.jpg,train,signer_01,I,signer_01_session_2,cool,plain,laptop_webcam,close,224x224,low_motion
sample_00040,signer_02_I_sample_00040.jpg,train,signer_02,I,signer_02_session_2,normal,outdoor,external_webcam,medium,224x224,none
sample_00041,signer_01_I_sample_00041.jpg,train,signer_01,I,signer_01_session_3,bright,room,laptop_webcam,far,224x224,none
sample_00042,signer_02_I_sample_00042.jpg,train,signer_02,I,signer_02_session_3,warm,visually_complex,external_webcam,close,224x224,none
sample_00043,signer_01_I_sample_00043.jpg,train,signer_01,I,signer_01_session_3,shadows,cluttered,laptop_webcam,medium,224x224,low_motion
sample_00044,signer_02_I_sample_00044.jpg,train,signer_02,I,signer_02_session_3,low,plain,external_webcam,far,224x224,none
sample_00045,signer_01_I_sample_00045.jpg,train,signer_01,I,signer_01_session_3,backlit,outdoor,laptop_webcam,close,224x224,none
sample_00046,signer_02_I_sample_00046.jpg,train,signer_02,I,signer_02_session_4,cool,room,external_webcam,medium,224x224,none
sample_00047,signer_01_I_sample_00047.jpg,train,signer_01,I,signer_01_session_4,normal,visually_complex,laptop_webcam,far,224x224,low_motion
sample_00048,signer_02_I_sample_00048.jpg,train,signer_02,I,signer_02_session_4,bright,cluttered,external_webcam,close,224x224,none
sample_00049,signer_01_I_sample_00049.jpg,train,signer_01,I,signer_01_session_4,warm,plain,laptop_webcam,medium,224x224,none
sample_00050,signer_02_I_sample_00050.jpg,train,signer_02,I,signer_02_session_4,shadows,outdoor,external_webcam,far,224x224,none
sample_00051,signer_01_I_sample_00051.jpg,train,signer_01,I,signer_01_session_5,low,room,laptop_webcam,close,224x224,low_motion
sample_00052,signer_02_I_sample_00052.jpg,train,signer_02,I,signer_02_session_5,backlit,visually_complex,external_webcam,medium,224x224,none
sample_00053,signer_01_I_sample_00053.jpg,train,signer_01,I,signer_01_session_5,cool,cluttered,laptop_webcam,far,224x224,none
sample_00054,signer_02_I_sample_00054.jpg,train,signer_02,I,signer_02_session_5,normal,plain,external_webcam,close,224x224,none
sample_00055,signer_01_I_sample_00055.jpg,train,signer_01,I,signer_01_session_5,bright,outdoor,laptop_webcam,medium,224x224,low_motion
sample_00056,signer_02_I_sample_00056.jpg,train,signer_02,I,signer_02_session_6,warm,room,external_webcam,far,224x224,none
sample_00057,signer_01_I_sample_00057.jpg,train,signer_01,I,signer_01_session_6,shadows,visually_complex,laptop_webcam,close,224x224,none
sample_00058,signer_02_I_sample_00058.jpg,train,signer_02,I,signer_02_session_6,low,cluttered,external_webcam,medium,224x224,none
sample_00059,signer_01_I_sample_00059.jpg,train,signer_01,I,signer_01_session_6,backlit,plain,laptop_webcam,far,224x224,low_motion
sample_00060,signer_02_I_sample_00060.jpg,train,signer_02,I,signer_02_session_6,cool,outdoor,external_webcam,close,224x224,none
sample_00061,signer_01_K_sample_00061.jpg,train,signer_01,K,signer_01_session_1,cool,room,laptop_webcam,medium,224x224,low_motion
sample_00062,signer_02_K_sample_00062.jpg,train,signer_02,K,signer_02_session_1,normal,visually_complex,external_webcam,far,224x224,none
sample_00063,signer_01_K_sample_00063.jpg,train,signer_01,K,signer_01_session_1,bright,cluttered,laptop_webcam,close,224x224,none
sample_00064,signer_02_K_sample_00064.jpg,train,signer_02,K,signer_02_session_1,warm,plain,external_webcam,medium,224x224,none
sample_00065,signer_01_K_sample_00065.jpg,train,signer_01,K,signer_01_session_1,shadows,outdoor,laptop_webcam,far,224x224,low_motion
sample_00066,signer_02_K_sample_00066.jpg,train,signer_02,K,signer_02_session_2,low,room,external_webcam,close,224x224,none
sample_00067,signer_01_K_sample_00067.jpg,train,signer_01,K,signer_01_session_2,backlit,visually_complex,laptop_webcam,medium,224x224,none
sample_00068,signer_02_K_sample_00068.jpg,train,signer_02,K,signer_02_session_2,cool,cluttered,external_webcam,far,224x224,none
sample_00069,signer_01_K_sample_00069.jpg,train,signer_01,K,signer_01_session_2,normal,plain,laptop_webcam,close,224x224,low_motion
sample_00070,signer_02_K_sample_00070.jpg,train,signer_02,K,signer_02_session_2,bright,outdoor,external_webcam,medium,224x224,none
sample_00071,signer_01_K_sample_00071.jpg,train,signer_01,K,signer_01_session_3,warm,room,laptop_webcam,far,224x224,none
sample_00072,signer_02_K_sample_00072.jpg,train,signer_02,K,signer_02_session_3,shadows,visually_complex,external_webcam,close,224x224,none
sample_00073,signer_01_K_sample_00073.jpg,train,signer_01,K,signer_01_session_3,low,cluttered,laptop_webcam,medium,224x224,low_motion
sample_00074,signer_02_K_sample_00074.jpg,train,signer_02,K,signer_02_session_3,backlit,plain,external_webcam,far,224x224,none
sample_00075,signer_01_K_sample_00075.jpg,train,signer_01,K,signer_01_session_3,cool,outdoor,laptop_webcam,close,224x224,none
sample_00076,signer_02_K_sample_00076.jpg,train,signer_02,K,signer_02_session_4,normal,room,external_webcam,medium,224x224,none
sample_00077,signer_01_K_sample_00077.jpg,train,signer_01,K,signer_01_session_4,bright,visually_complex,laptop_webcam,far,224x224,low_motion
sample_00078,signer_02_K_sample_00078.jpg,train,signer_02,K,signer_02_session_4,warm,cluttered,external_webcam,close,224x224,none
sample_00079,signer_01_K_sample_00079.jpg,train,signer_01,K,signer_01_session_4,shadows,plain,laptop_webcam,medium,224x224,none
sample_00080,signer_02_K_sample_00080.jpg,train,signer_02,K,signer_02_session_4,low,outdoor,external_webcam,far,224x224,none
sample_00081,signer_01_K_sample_00081.jpg,train,signer_01,K,signer_01_session_5,backlit,room,laptop_webcam,close,224x224,low_motion
sample_00082,signer_02_K_sample_00082.jpg,train,signer_02,K,signer_02_session_5,cool,visually_complex,external_webcam,medium,224x224,none
sample_00083,signer_01_K_sample_00083.jpg,train,signer_01,K,signer_01_session_5,normal,cluttered,laptop_webcam,far,224x224,none
sample_00084,signer_02_K_sample_00084.jpg,train,signer_02,K,signer_02_session_5,bright,plain,external_webcam,close,224x224,none
sample_00085,signer_01_K_sample_00085.jpg,train,signer_01,K,signer_01_session_5,warm,outdoor,laptop_webcam,medium,224x224,low_motion
sample_00086,signer_02_K_sample_00086.jpg,train,signer_02,K,signer_02_session_6,shadows,room,external_webcam,far,224x224,none
sample_00087,signer_01_K_sample_00087.jpg,train,signer_01,K,signer_01_session_6,low,visually_complex,laptop_webcam,close,224x224,none
sample_00088,signer_02_K_sample_00088.jpg,train,signer_02,K,signer_02_session_6,backlit,cluttered,external_webcam,medium,224x224,none
sample_00089,signer_01_K_sample_00089.jpg,train,signer_01,K,signer_01_session_6,cool,plain,laptop_webcam,far,224x224,low_motion
sample_00090,signer_02_K_sample_00090.jpg,train,signer_02,K,signer_02_session_6,normal,outdoor,external_webcam,close,224x224,none
sample_00091,signer_01_O_sample_00091.jpg,train,signer_01,O,signer_01_session_1,normal,room,laptop_webcam,medium,224x224,low_motion
sample_00092,signer_02_O_sample_00092.jpg,train,signer_02,O,signer_02_session_1,bright,visually_complex,external_webcam,far,224x224,none
sample_00093,signer_01_O_sample_00093.jpg,train,signer_01,O,signer_01_session_1,warm,cluttered,laptop_webcam,close,224x224,none
sample_00094,signer_02_O_sample_00094.jpg,train,signer_02,O,signer_02_session_1,shadows,plain,external_webcam,medium,224x224,none
sample_00095,signer_01_O_sample_00095.jpg,train,signer_01,O,signer_01_session_1,low,outdoor,laptop_webcam,far,224x224,low_motion
sample_00096,signer_02_O_sample_00096.jpg,train,signer_02,O,signer_02_session_2,backlit,room,external_webcam,close,224x224,none
sample_00097,signer_01_O_sample_00097.jpg,train,signer_01,O,signer_01_session_2,cool,visually_complex,laptop_webcam,medium,224x224,none
sample_00098,signer_02_O_sample_00098.jpg,train,signer_02,O,signer_02_session_2,normal,cluttered,external_webcam,far,224x224,none
sample_00099,signer_01_O_sample_00099.jpg,train,signer_01,O,signer_01_session_2,bright,plain,laptop_webcam,close,224x224,low_motion
sample_00100,signer_02_O_sample_00100.jpg,train,signer_02,O,signer_02_session_2,warm,outdoor,external_webcam,medium,224x224,none
sample_00101,signer_01_O_sample_00101.jpg,train,signer_01,O,signer_01_session_3,shadows,room,laptop_webcam,far,224x224,none
sample_00102,signer_02_O_sample_00102.jpg,train,signer_02,O,signer_02_session_3,low,visually_complex,external_webcam,close,224x224,none
sample_00103,signer_01_O_sample_00103.jpg,train,signer_01,O,signer_01_session_3,backlit,cluttered,laptop_webcam,medium,224x224,low_motion
sample_00104,signer_02_O_sample_00104.jpg,train,signer_02,O,signer_02_session_3,cool,plain,external_webcam,far,224x224,none
sample_00105,signer_01_O_sample_00105.jpg,train,signer_01,O,signer_01_session_3,normal,outdoor,laptop_webcam,close,224x224,none
sample_00106,signer_02_O_sample_00106.jpg,train,signer_02,O,signer_02_session_4,bright,room,external_webcam,medium,224x224,none
sample_00107,signer_01_O_sample_00107.jpg,train,signer_01,O,signer_01_session_4,warm,visually_complex,laptop_webcam,far,224x224,low_motion
sample_00108,signer_02_O_sample_00108.jpg,train,signer_02,O,signer_02_session_4,shadows,cluttered,external_webcam,close,224x224,none
sample_00109,signer_01_O_sample_00109.jpg,train,signer_01,O,signer_01_session_4,low,plain,laptop_webcam,medium,224x224,none
sample_00110,signer_02_O_sample_00110.jpg,train,signer_02,O,signer_02_session_4,backlit,outdoor,external_webcam,far,224x224,none
sample_00111,signer_01_O_sample_00111.jpg,train,signer_01,O,signer_01_session_5,cool,room,laptop_webcam,close,224x224,low_motion
sample_00112,signer_02_O_sample_00112.jpg,train,signer_02,O,signer_02_session_5,normal,visually_complex,external_webcam,medium,224x224,none
sample_00113,signer_01_O_sample_00113.jpg,train,signer_01,O,signer_01_session_5,bright,cluttered,laptop_webcam,far,224x224,none
sample_00114,signer_02_O_sample_00114.jpg,train,signer_02,O,signer_02_session_5,warm,plain,external_webcam,close,224x224,none
sample_00115,signer_01_O_sample_00115.jpg,train,signer_01,O,signer_01_session_5,shadows,outdoor,laptop_webcam,medium,224x224,low_motion
sample_00116,signer_02_O_sample_00116.jpg,train,signer_02,O,signer_02_session_6,low,room,external_webcam,far,224x224,none
sample_00117,signer_01_O_sample_00117.jpg,train,signer_01,O,signer_01_session_6,backlit,visually_complex,laptop_webcam,close,224x224,none
sample_00118,signer_02_O_sample_00118.jpg,train,signer_02,O,signer_02_session_6,cool,cluttered,external_webcam,medium,224x224,none
sample_00119,signer_01_O_sample_00119.jpg,train,signer_01,O,signer_01_session_6,normal,plain,laptop_webcam,far,224x224,low_motion
sample_00120,signer_02_O_sample_00120.jpg,train,signer_02,O,signer_02_session_6,bright,outdoor,external_webcam,close,224x224,none
sample_00121,signer_01_P_sample_00121.jpg,train,signer_01,P,signer_01_session_1,bright,room,laptop_webcam,medium,224x224,low_motion
sample_00122,signer_02_P_sample_00122.jpg,train,signer_02,P,signer_02_session_1,warm,visually_complex,external_webcam,far,224x224,none
sample_00123,signer_01_P_sample_00123.jpg,train,signer_01,P,signer_01_session_1,shadows,cluttered,laptop_webcam,close,224x224,none
sample_00124,signer_02_P_sample_00124.jpg,train,signer_02,P,signer_02_session_1,low,plain,external_webcam,medium,224x224,none
sample_00125,signer_01_P_sample_00125.jpg,train,signer_01,P,signer_01_session_1,backlit,outdoor,laptop_webcam,far,224x224,low_motion
sample_00126,signer_02_P_sample_00126.jpg,train,signer_02,P,signer_02_session_2,cool,room,external_webcam,close,224x224,none
sample_00127,signer_01_P_sample_00127.jpg,train,signer_01,P,signer_01_session_2,normal,visually_complex,laptop_webcam,medium,224x224,none
sample_00128,signer_02_P_sample_00128.jpg,train,signer_02,P,signer_02_session_2,bright,cluttered,external_webcam,far,224x224,none
sample_00129,signer_01_P_sample_00129.jpg,train,signer_01,P,signer_01_session_2,warm,plain,laptop_webcam,close,224x224,low_motion
sample_00130,signer_02_P_sample_00130.jpg,train,signer_02,P,signer_02_session_2,shadows,outdoor,external_webcam,medium,224x224,none
sample_00131,signer_01_P_sample_00131.jpg,train,signer_01,P,signer_01_session_3,low,room,laptop_webcam,far,224x224,none
sample_00132,signer_02_P_sample_00132.jpg,train,signer_02,P,signer_02_session_3,backlit,visually_complex,external_webcam,close,224x224,none
sample_00133,signer_01_P_sample_00133.jpg,train,signer_01,P,signer_01_session_3,cool,cluttered,laptop_webcam,medium,224x224,low_motion
sample_00134,signer_02_P_sample_00134.jpg,train,signer_02,P,signer_02_session_3,normal,plain,external_webcam,far,224x224,none
sample_00135,signer_01_P_sample_00135.jpg,train,signer_01,P,signer_01_session_3,bright,outdoor,laptop_webcam,close,224x224,none
sample_00136,signer_02_P_sample_00136.jpg,train,signer_02,P,signer_02_session_4,warm,room,external_webcam,medium,224x224,none
sample_00137,signer_01_P_sample_00137.jpg,train,signer_01,P,signer_01_session_4,shadows,visually_complex,laptop_webcam,far,224x224,low_motion
sample_00138,signer_02_P_sample_00138.jpg,train,signer_02,P,signer_02_session_4,low,cluttered,external_webcam,close,224x224,none
sample_00139,signer_01_P_sample_00139.jpg,train,signer_01,P,signer_01_session_4,backlit,plain,laptop_webcam,medium,224x224,none
sample_00140,signer_02_P_sample_00140.jpg,train,signer_02,P,signer_02_session_4,cool,outdoor,external_webcam,far,224x224,none
sample_00141,signer_01_P_sample_00141.jpg,train,signer_01,P,signer_01_session_5,normal,room,laptop_webcam,close,224x224,low_motion
sample_00142,signer_02_P_sample_00142.jpg,train,signer_02,P,signer_02_session_5,bright,visually_complex,external_webcam,medium,224x224,none
sample_00143,signer_01_P_sample_00143.jpg,train,signer_01,P,signer_01_session_5,warm,cluttered,laptop_webcam,far,224x224,none
sample_00144,signer_02_P_sample_00144.jpg,train,signer_02,P,signer_02_session_5,shadows,plain,external_webcam,close,224x224,none
sample_00145,signer_01_P_sample_00145.jpg,train,signer_01,P,signer_01_session_5,low,outdoor,laptop_webcam,medium,224x224,low_motion
sample_00146,signer_02_P_sample_00146.jpg,train,signer_02,P,signer_02_session_6,backlit,room,external_webcam,far,224x224,none
sample_00147,signer_01_P_sample_00147.jpg,train,signer_01,P,signer_01_session_6,cool,visually_complex,laptop_webcam,close,224x224,none
sample_00148,signer_02_P_sample_00148.jpg,train,signer_02,P,signer_02_session_6,normal,cluttered,external_webcam,medium,224x224,none
sample_00149,signer_01_P_sample_00149.jpg,train,signer_01,P,signer_01_session_6,bright,plain,laptop_webcam,far,224x224,low_motion
sample_00150,signer_02_P_sample_00150.jpg,train,signer_02,P,signer_02_session_6,warm,outdoor,external_webcam,close,224x224,none
sample_00151,signer_01_S_sample_00151.jpg,train,signer_01,S,signer_01_session_1,warm,room,laptop_webcam,medium,224x224,low_motion
sample_00152,signer_02_S_sample_00152.jpg,train,signer_02,S,signer_02_session_1,shadows,visually_complex,external_webcam,far,224x224,none
sample_00153,signer_01_S_sample_00153.jpg,train,signer_01,S,signer_01_session_1,low,cluttered,laptop_webcam,close,224x224,none
sample_00154,signer_02_S_sample_00154.jpg,train,signer_02,S,signer_02_session_1,backlit,plain,external_webcam,medium,224x224,none
sample_00155,signer_01_S_sample_00155.jpg,train,signer_01,S,signer_01_session_1,cool,outdoor,laptop_webcam,far,224x224,low_motion
sample_00156,signer_02_S_sample_00156.jpg,train,signer_02,S,signer_02_session_2,normal,room,external_webcam,close,224x224,none
sample_00157,signer_01_S_sample_00157.jpg,train,signer_01,S,signer_01_session_2,bright,visually_complex,laptop_webcam,medium,224x224,none
sample_00158,signer_02_S_sample_00158.jpg,train,signer_02,S,signer_02_session_2,warm,cluttered,external_webcam,far,224x224,none
sample_00159,signer_01_S_sample_00159.jpg,train,signer_01,S,signer_01_session_2,shadows,plain,laptop_webcam,close,224x224,low_motion
sample_00160,signer_02_S_sample_00160.jpg,train,signer_02,S,signer_02_session_2,low,outdoor,external_webcam,medium,224x224,none
sample_00161,signer_01_S_sample_00161.jpg,train,signer_01,S,signer_01_session_3,backlit,room,laptop_webcam,far,224x224,none
sample_00162,signer_02_S_sample_00162.jpg,train,signer_02,S,signer_02_session_3,cool,visually_complex,external_webcam,close,224x224,none
sample_00163,signer_01_S_sample_00163.jpg,train,signer_01,S,signer_01_session_3,normal,cluttered,laptop_webcam,medium,224x224,low_motion
sample_00164,signer_02_S_sample_00164.jpg,train,signer_02,S,signer_02_session_3,bright,plain,external_webcam,far,224x224,none
sample_00165,signer_01_S_sample_00165.jpg,train,signer_01,S,signer_01_session_3,warm,outdoor,laptop_webcam,close,224x224,none
sample_00166,signer_02_S_sample_00166.jpg,train,signer_02,S,signer_02_session_4,shadows,room,external_webcam,medium,224x224,none
sample_00167,signer_01_S_sample_00167.jpg,train,signer_01,S,signer_01_session_4,low,visually_complex,laptop_webcam,far,224x224,low_motion
sample_00168,signer_02_S_sample_00168.jpg,train,signer_02,S,signer_02_session_4,backlit,cluttered,external_webcam,close,224x224,none
sample_00169,signer_01_S_sample_00169.jpg,train,signer_01,S,signer_01_session_4,cool,plain,laptop_webcam,medium,224x224,none
sample_00170,signer_02_S_sample_00170.jpg,train,signer_02,S,signer_02_session_4,normal,outdoor,external_webcam,far,224x224,none
sample_00171,signer_01_S_sample_00171.jpg,train,signer_01,S,signer_01_session_5,bright,room,laptop_webcam,close,224x224,low_motion
sample_00172,signer_02_S_sample_00172.jpg,train,signer_02,S,signer_02_session_5,warm,visually_complex,external_webcam,medium,224x224,none
sample_00173,signer_01_S_sample_00173.jpg,train,signer_01,S,signer_01_session_5,shadows,cluttered,laptop_webcam,far,224x224,none
sample_00174,signer_02_S_sample_00174.jpg,train,signer_02,S,signer_02_session_5,low,plain,external_webcam,close,224x224,none
sample_00175,signer_01_S_sample_00175.jpg,train,signer_01,S,signer_01_session_5,backlit,outdoor,laptop_webcam,medium,224x224,low_motion
sample_00176,signer_02_S_sample_00176.jpg,train,signer_02,S,signer_02_session_6,cool,room,external_webcam,far,224x224,none
sample_00177,signer_01_S_sample_00177.jpg,train,signer_01,S,signer_01_session_6,normal,visually_complex,laptop_webcam,close,224x224,none
sample_00178,signer_02_S_sample_00178.jpg,train,signer_02,S,signer_02_session_6,bright,cluttered,external_webcam,medium,224x224,none
sample_00179,signer_01_S_sample_00179.jpg,train,signer_01,S,signer_01_session_6,warm,plain,laptop_webcam,far,224x224,low_motion
sample_00180,signer_02_S_sample_00180.jpg,train,signer_02,S,signer_02_session_6,shadows,outdoor,external_webcam,close,224x224,none
sample_00181,signer_01_U_sample_00181.jpg,train,signer_01,U,signer_01_session_1,shadows,room,laptop_webcam,medium,224x224,low_motion
sample_00182,signer_02_U_sample_00182.jpg,train,signer_02,U,signer_02_session_1,low,visually_complex,external_webcam,far,224x224,none
sample_00183,signer_01_U_sample_00183.jpg,train,signer_01,U,signer_01_session_1,backlit,cluttered,laptop_webcam,close,224x224,none
sample_00184,signer_02_U_sample_00184.jpg,train,signer_02,U,signer_02_session_1,cool,plain,external_webcam,medium,224x224,none
sample_00185,signer_01_U_sample_00185.jpg,train,signer_01,U,signer_01_session_1,normal,outdoor,laptop_webcam,far,224x224,low_motion
sample_00186,signer_02_U_sample_00186.jpg,train,signer_02,U,signer_02_session_2,bright,room,external_webcam,close,224x224,none
sample_00187,signer_01_U_sample_00187.jpg,train,signer_01,U,signer_01_session_2,warm,visually_complex,laptop_webcam,medium,224x224,none
sample_00188,signer_02_U_sample_00188.jpg,train,signer_02,U,signer_02_session_2,shadows,cluttered,external_webcam,far,224x224,none
sample_00189,signer_01_U_sample_00189.jpg,train,signer_01,U,signer_01_session_2,low,plain,laptop_webcam,close,224x224,low_motion
sample_00190,signer_02_U_sample_00190.jpg,train,signer_02,U,signer_02_session_2,backlit,outdoor,external_webcam,medium,224x224,none
sample_00191,signer_01_U_sample_00191.jpg,train,signer_01,U,signer_01_session_3,cool,room,laptop_webcam,far,224x224,none
sample_00192,signer_02_U_sample_00192.jpg,train,signer_02,U,signer_02_session_3,normal,visually_complex,external_webcam,close,224x224,none
sample_00193,signer_01_U_sample_00193.jpg,train,signer_01,U,signer_01_session_3,bright,cluttered,laptop_webcam,medium,224x224,low_motion
sample_00194,signer_02_U_sample_00194.jpg,train,signer_02,U,signer_02_session_3,warm,plain,external_webcam,far,224x224,none
sample_00195,signer_01_U_sample_00195.jpg,train,signer_01,U,signer_01_session_3,shadows,outdoor,laptop_webcam,close,224x224,none
sample_00196,signer_02_U_sample_00196.jpg,train,signer_02,U,signer_02_session_4,low,room,external_webcam,medium,224x224,none
sample_00197,signer_01_U_sample_00197.jpg,train,signer_01,U,signer_01_session_4,backlit,visually_complex,laptop_webcam,far,224x224,low_motion
sample_00198,signer_02_U_sample_00198.jpg,train,signer_02,U,signer_02_session_4,cool,cluttered,external_webcam,close,224x224,none
sample_00199,signer_01_U_sample_00199.jpg,train,signer_01,U,signer_01_session_4,normal,plain,laptop_webcam,medium,224x224,none
sample_00200,signer_02_U_sample_00200.jpg,train,signer_02,U,signer_02_session_4,bright,outdoor,external_webcam,far,224x224,none
sample_00201,signer_01_U_sample_00201.jpg,train,signer_01,U,signer_01_session_5,warm,room,laptop_webcam,close,224x224,low_motion
sample_00202,signer_02_U_sample_00202.jpg,train,signer_02,U,signer_02_session_5,shadows,visually_complex,external_webcam,medium,224x224,none
sample_00203,signer_01_U_sample_00203.jpg,train,signer_01,U,signer_01_session_5,low,cluttered,laptop_webcam,far,224x224,none
sample_00204,signer_02_U_sample_00204.jpg,train,signer_02,U,signer_02_session_5,backlit,plain,external_webcam,close,224x224,none
sample_00205,signer_01_U_sample_00205.jpg,train,signer_01,U,signer_01_session_5,cool,outdoor,laptop_webcam,medium,224x224,low_motion
sample_00206,signer_02_U_sample_00206.jpg,train,signer_02,U,signer_02_session_6,normal,room,external_webcam,far,224x224,none
sample_00207,signer_01_U_sample_00207.jpg,train,signer_01,U,signer_01_session_6,bright,visually_complex,laptop_webcam,close,224x224,none
sample_00208,signer_02_U_sample_00208.jpg,train,signer_02,U,signer_02_session_6,warm,cluttered,external_webcam,medium,224x224,none
sample_00209,signer_01_U_sample_00209.jpg,train,signer_01,U,signer_01_session_6,shadows,plain,laptop_webcam,far,224x224,low_motion
sample_00210,signer_02_U_sample_00210.jpg,train,signer_02,U,signer_02_session_6,low,outdoor,external_webcam,close,224x224,none
sample_00211,signer_01_V_sample_00211.jpg,train,signer_01,V,signer_01_session_1,low,room,laptop_webcam,medium,224x224,low_motion
sample_00212,signer_02_V_sample_00212.jpg,train,signer_02,V,signer_02_session_1,backlit,visually_complex,external_webcam,far,224x224,none
sample_00213,signer_01_V_sample_00213.jpg,train,signer_01,V,signer_01_session_1,cool,cluttered,laptop_webcam,close,224x224,none
sample_00214,signer_02_V_sample_00214.jpg,train,signer_02,V,signer_02_session_1,normal,plain,external_webcam,medium,224x224,none
sample_00215,signer_01_V_sample_00215.jpg,train,signer_01,V,signer_01_session_1,bright,outdoor,laptop_webcam,far,224x224,low_motion
sample_00216,signer_02_V_sample_00216.jpg,train,signer_02,V,signer_02_session_2,warm,room,external_webcam,close,224x224,none
sample_00217,signer_01_V_sample_00217.jpg,train,signer_01,V,signer_01_session_2,shadows,visually_complex,laptop_webcam,medium,224x224,none
sample_00218,signer_02_V_sample_00218.jpg,train,signer_02,V,signer_02_session_2,low,cluttered,external_webcam,far,224x224,none
sample_00219,signer_01_V_sample_00219.jpg,train,signer_01,V,signer_01_session_2,backlit,plain,laptop_webcam,close,224x224,low_motion
sample_00220,signer_02_V_sample_00220.jpg,train,signer_02,V,signer_02_session_2,cool,outdoor,external_webcam,medium,224x224,none
sample_00221,signer_01_V_sample_00221.jpg,train,signer_01,V,signer_01_session_3,normal,room,laptop_webcam,far,224x224,none
sample_00222,signer_02_V_sample_00222.jpg,train,signer_02,V,signer_02_session_3,bright,visually_complex,external_webcam,close,224x224,none
sample_00223,signer_01_V_sample_00223.jpg,train,signer_01,V,signer_01_session_3,warm,cluttered,laptop_webcam,medium,224x224,low_motion
sample_00224,signer_02_V_sample_00224.jpg,train,signer_02,V,signer_02_session_3,shadows,plain,external_webcam,far,224x224,none
sample_00225,signer_01_V_sample_00225.jpg,train,signer_01,V,signer_01_session_3,low,outdoor,laptop_webcam,close,224x224,none
sample_00226,signer_02_V_sample_00226.jpg,train,signer_02,V,signer_02_session_4,backlit,room,external_webcam,medium,224x224,none
sample_00227,signer_01_V_sample_00227.jpg,train,signer_01,V,signer_01_session_4,cool,visually_complex,laptop_webcam,far,224x224,low_motion
sample_00228,signer_02_V_sample_00228.jpg,train,signer_02,V,signer_02_session_4,normal,cluttered,external_webcam,close,224x224,none
sample_00229,signer_01_V_sample_00229.jpg,train,signer_01,V,signer_01_session_4,bright,plain,laptop_webcam,medium,224x224,none
sample_00230,signer_02_V_sample_00230.jpg,train,signer_02,V,signer_02_session_4,warm,outdoor,external_webcam,far,224x224,none
sample_00231,signer_01_V_sample_00231.jpg,train,signer_01,V,signer_01_session_5,shadows,room,laptop_webcam,close,224x224,low_motion
sample_00232,signer_02_V_sample_00232.jpg,train,signer_02,V,signer_02_session_5,low,visually_complex,external_webcam,medium,224x224,none
sample_00233,signer_01_V_sample_00233.jpg,train,signer_01,V,signer_01_session_5,backlit,cluttered,laptop_webcam,far,224x224,none
sample_00234,signer_02_V_sample_00234.jpg,train,signer_02,V,signer_02_session_5,cool,plain,external_webcam,close,224x224,none
sample_00235,signer_01_V_sample_00235.jpg,train,signer_01,V,signer_01_session_5,normal,outdoor,laptop_webcam,medium,224x224,low_motion
sample_00236,signer_02_V_sample_00236.jpg,train,signer_02,V,signer_02_session_6,bright,room,external_webcam,far,224x224,none
sample_00237,signer_01_V_sample_00237.jpg,train,signer_01,V,signer_01_session_6,warm,visually_complex,laptop_webcam,close,224x224,none
sample_00238,signer_02_V_sample_00238.jpg,train,signer_02,V,signer_02_session_6,shadows,cluttered,external_webcam,medium,224x224,none
sample_00239,signer_01_V_sample_00239.jpg,train,signer_01,V,signer_01_session_6,low,plain,laptop_webcam,far,224x224,low_motion
sample_00240,signer_02_V_sample_00240.jpg,train,signer_02,V,signer_02_session_6,backlit,outdoor,external_webcam,close,224x224,none
sample_00241,signer_01_X_sample_00241.jpg,train,signer_01,X,signer_01_session_1,backlit,room,laptop_webcam,medium,224x224,low_motion
sample_00242,signer_02_X_sample_00242.jpg,train,signer_02,X,signer_02_session_1,cool,visually_complex,external_webcam,far,224x224,none
sample_00243,signer_01_X_sample_00243.jpg,train,signer_01,X,signer_01_session_1,normal,cluttered,laptop_webcam,close,224x224,none
sample_00244,signer_02_X_sample_00244.jpg,train,signer_02,X,signer_02_session_1,bright,plain,external_webcam,medium,224x224,none
sample_00245,signer_01_X_sample_00245.jpg,train,signer_01,X,signer_01_session_1,warm,outdoor,laptop_webcam,far,224x224,low_motion
sample_00246,signer_02_X_sample_00246.jpg,train,signer_02,X,signer_02_session_2,shadows,room,external_webcam,close,224x224,none
sample_00247,signer_01_X_sample_00247.jpg,train,signer_01,X,signer_01_session_2,low,visually_complex,laptop_webcam,medium,224x224,none
sample_00248,signer_02_X_sample_00248.jpg,train,signer_02,X,signer_02_session_2,backlit,cluttered,external_webcam,far,224x224,none
sample_00249,signer_01_X_sample_00249.jpg,train,signer_01,X,signer_01_session_2,cool,plain,laptop_webcam,close,224x224,low_motion
sample_00250,signer_02_X_sample_00250.jpg,train,signer_02,X,signer_02_session_2,normal,outdoor,external_webcam,medium,224x224,none
sample_00251,signer_01_X_sample_00251.jpg,train,signer_01,X,signer_01_session_3,bright,room,laptop_webcam,far,224x224,none
sample_00252,signer_02_X_sample_00252.jpg,train,signer_02,X,signer_02_session_3,warm,visually_complex,external_webcam,close,224x224,none
sample_00253,signer_01_X_sample_00253.jpg,train,signer_01,X,signer_01_session_3,shadows,cluttered,laptop_webcam,medium,224x224,low_motion
sample_00254,signer_02_X_sample_00254.jpg,train,signer_02,X,signer_02_session_3,low,plain,external_webcam,far,224x224,none
sample_00255,signer_01_X_sample_00255.jpg,train,signer_01,X,signer_01_session_3,backlit,outdoor,laptop_webcam,close,224x224,none
sample_00256,signer_02_X_sample_00256.jpg,train,signer_02,X,signer_02_session_4,cool,room,external_webcam,medium,224x224,none
sample_00257,signer_01_X_sample_00257.jpg,train,signer_01,X,signer_01_session_4,normal,visually_complex,laptop_webcam,far,224x224,low_motion
sample_00258,signer_02_X_sample_00258.jpg,train,signer_02,X,signer_02_session_4,bright,cluttered,external_webcam,close,224x224,none
sample_00259,signer_01_X_sample_00259.jpg,train,signer_01,X,signer_01_session_4,warm,plain,laptop_webcam,medium,224x224,none
sample_00260,signer_02_X_sample_00260.jpg,train,signer_02,X,signer_02_session_4,shadows,outdoor,external_webcam,far,224x224,none
sample_00261,signer_01_X_sample_00261.jpg,train,signer_01,X,signer_01_session_5,low,room,laptop_webcam,close,224x224,low_motion
sample_00262,signer_02_X_sample_00262.jpg,train,signer_02,X,signer_02_session_5,backlit,visually_complex,external_webcam,medium,224x224,none
sample_00263,signer_01_X_sample_00263.jpg,train,signer_01,X,signer_01_session_5,cool,cluttered,laptop_webcam,far,224x224,none
sample_00264,signer_02_X_sample_00264.jpg,train,signer_02,X,signer_02_session_5,normal,plain,external_webcam,close,224x224,none
sample_00265,signer_01_X_sample_00265.jpg,train,signer_01,X,signer_01_session_5,bright,outdoor,laptop_webcam,medium,224x224,low_motion
sample_00266,signer_02_X_sample_00266.jpg,train,signer_02,X,signer_02_session_6,warm,room,external_webcam,far,224x224,none
sample_00267,signer_01_X_sample_00267.jpg,train,signer_01,X,signer_01_session_6,shadows,visually_complex,laptop_webcam,close,224x224,none
sample_00268,signer_02_X_sample_00268.jpg,train,signer_02,X,signer_02_session_6,low,cluttered,external_webcam,medium,224x224,none
sample_00269,signer_01_X_sample_00269.jpg,train,signer_01,X,signer_01_session_6,backlit,plain,laptop_webcam,far,224x224,low_motion
sample_00270,signer_02_X_sample_00270.jpg,train,signer_02,X,signer_02_session_6,cool,outdoor,external_webcam,close,224x224,none
sample_00271,signer_01_Y_sample_00271.jpg,train,signer_01,Y,signer_01_session_1,cool,room,laptop_webcam,medium,224x224,low_motion
sample_00272,signer_02_Y_sample_00272.jpg,train,signer_02,Y,signer_02_session_1,normal,visually_complex,external_webcam,far,224x224,none
sample_00273,signer_01_Y_sample_00273.jpg,train,signer_01,Y,signer_01_session_1,bright,cluttered,laptop_webcam,close,224x224,none
sample_00274,signer_02_Y_sample_00274.jpg,train,signer_02,Y,signer_02_session_1,warm,plain,external_webcam,medium,224x224,none
sample_00275,signer_01_Y_sample_00275.jpg,train,signer_01,Y,signer_01_session_1,shadows,outdoor,laptop_webcam,far,224x224,low_motion
sample_00276,signer_02_Y_sample_00276.jpg,train,signer_02,Y,signer_02_session_2,low,room,external_webcam,close,224x224,none
sample_00277,signer_01_Y_sample_00277.jpg,train,signer_01,Y,signer_01_session_2,backlit,visually_complex,laptop_webcam,medium,224x224,none
sample_00278,signer_02_Y_sample_00278.jpg,train,signer_02,Y,signer_02_session_2,cool,cluttered,external_webcam,far,224x224,none
sample_00279,signer_01_Y_sample_00279.jpg,train,signer_01,Y,signer_01_session_2,normal,plain,laptop_webcam,close,224x224,low_motion
sample_00280,signer_02_Y_sample_00280.jpg,train,signer_02,Y,signer_02_session_2,bright,outdoor,external_webcam,medium,224x224,none
sample_00281,signer_01_Y_sample_00281.jpg,train,signer_01,Y,signer_01_session_3,warm,room,laptop_webcam,far,224x224,none
sample_00282,signer_02_Y_sample_00282.jpg,train,signer_02,Y,signer_02_session_3,shadows,visually_complex,external_webcam,close,224x224,none
sample_00283,signer_01_Y_sample_00283.jpg,train,signer_01,Y,signer_01_session_3,low,cluttered,laptop_webcam,medium,224x224,low_motion
sample_00284,signer_02_Y_sample_00284.jpg,train,signer_02,Y,signer_02_session_3,backlit,plain,external_webcam,far,224x224,none
sample_00285,signer_01_Y_sample_00285.jpg,train,signer_01,Y,signer_01_session_3,cool,outdoor,laptop_webcam,close,224x224,none
sample_00286,signer_02_Y_sample_00286.jpg,train,signer_02,Y,signer_02_session_4,normal,room,external_webcam,medium,224x224,none
sample_00287,signer_01_Y_sample_00287.jpg,train,signer_01,Y,signer_01_session_4,bright,visually_complex,laptop_webcam,far,224x224,low_motion
sample_00288,signer_02_Y_sample_00288.jpg,train,signer_02,Y,signer_02_session_4,warm,cluttered,external_webcam,close,224x224,none
sample_00289,signer_01_Y_sample_00289.jpg,train,signer_01,Y,signer_01_session_4,shadows,plain,laptop_webcam,medium,224x224,none
sample_00290,signer_02_Y_sample_00290.jpg,train,signer_02,Y,signer_02_session_4,low,outdoor,external_webcam,far,224x224,none
sample_00291,signer_01_Y_sample_00291.jpg,train,signer_01,Y,signer_01_session_5,backlit,room,laptop_webcam,close,224x224,low_motion
sample_00292,signer_02_Y_sample_00292.jpg,train,signer_02,Y,signer_02_session_5,cool,visually_complex,external_webcam,medium,224x224,none
sample_00293,signer_01_Y_sample_00293.jpg,train,signer_01,Y,signer_01_session_5,normal,cluttered,laptop_webcam,far,224x224,none
sample_00294,signer_02_Y_sample_00294.jpg,train,signer_02,Y,signer_02_session_5,bright,plain,external_webcam,close,224x224,none
sample_00295,signer_01_Y_sample_00295.jpg,train,signer_01,Y,signer_01_session_5,warm,outdoor,laptop_webcam,medium,224x224,low_motion
sample_00296,signer_02_Y_sample_00296.jpg,train,signer_02,Y,signer_02_session_6,shadows,room,external_webcam,far,224x224,none
sample_00297,signer_01_Y_sample_00297.jpg,train,signer_01,Y,signer_01_session_6,low,visually_complex,laptop_webcam,close,224x224,none
sample_00298,signer_02_Y_sample_00298.jpg,train,signer_02,Y,signer_02_session_6,backlit,cluttered,external_webcam,medium,224x224,none
sample_00299,signer_01_Y_sample_00299.jpg,train,signer_01,Y,signer_01_session_6,cool,plain,laptop_webcam,far,224x224,low_motion
sample_00300,signer_02_Y_sample_00300.jpg,train,signer_02,Y,signer_02_session_6,normal,outdoor,external_webcam,close,224x224,none
sample_00301,signer_03_G_sample_00301.jpg,validation,signer_03,G,signer_03_session_1,normal,room,laptop_webcam,medium,224x224,low_motion
sample_00302,signer_03_G_sample_00302.jpg,validation,signer_03,G,signer_03_session_1,bright,visually_complex,external_webcam,far,224x224,none
sample_00303,signer_03_G_sample_00303.jpg,validation,signer_03,G,signer_03_session_1,warm,cluttered,laptop_webcam,close,224x224,none
sample_00304,signer_03_G_sample_00304.jpg,validation,signer_03,G,signer_03_session_1,shadows,plain,external_webcam,medium,224x224,none
sample_00305,signer_03_G_sample_00305.jpg,validation,signer_03,G,signer_03_session_1,low,outdoor,laptop_webcam,far,224x224,low_motion
sample_00306,signer_03_G_sample_00306.jpg,validation,signer_03,G,signer_03_session_2,backlit,room,external_webcam,close,224x224,none
sample_00307,signer_03_G_sample_00307.jpg,validation,signer_03,G,signer_03_session_2,cool,visually_complex,laptop_webcam,medium,224x224,none
sample_00308,signer_03_G_sample_00308.jpg,validation,signer_03,G,signer_03_session_2,normal,cluttered,external_webcam,far,224x224,none
sample_00309,signer_03_G_sample_00309.jpg,validation,signer_03,G,signer_03_session_2,bright,plain,laptop_webcam,close,224x224,low_motion
sample_00310,signer_03_G_sample_00310.jpg,validation,signer_03,G,signer_03_session_2,warm,outdoor,external_webcam,medium,224x224,none
sample_00311,signer_03_I_sample_00311.jpg,validation,signer_03,I,signer_03_session_1,backlit,room,laptop_webcam,medium,224x224,low_motion
sample_00312,signer_03_I_sample_00312.jpg,validation,signer_03,I,signer_03_session_1,cool,visually_complex,external_webcam,far,224x224,none
sample_00313,signer_03_I_sample_00313.jpg,validation,signer_03,I,signer_03_session_1,normal,cluttered,laptop_webcam,close,224x224,none
sample_00314,signer_03_I_sample_00314.jpg,validation,signer_03,I,signer_03_session_1,bright,plain,external_webcam,medium,224x224,none
sample_00315,signer_03_I_sample_00315.jpg,validation,signer_03,I,signer_03_session_1,warm,outdoor,laptop_webcam,far,224x224,low_motion
sample_00316,signer_03_I_sample_00316.jpg,validation,signer_03,I,signer_03_session_2,shadows,room,external_webcam,close,224x224,none
sample_00317,signer_03_I_sample_00317.jpg,validation,signer_03,I,signer_03_session_2,low,visually_complex,laptop_webcam,medium,224x224,none
sample_00318,signer_03_I_sample_00318.jpg,validation,signer_03,I,signer_03_session_2,backlit,cluttered,external_webcam,far,224x224,none
sample_00319,signer_03_I_sample_00319.jpg,validation,signer_03,I,signer_03_session_2,cool,plain,laptop_webcam,close,224x224,low_motion
sample_00320,signer_03_I_sample_00320.jpg,validation,signer_03,I,signer_03_session_2,normal,outdoor,external_webcam,medium,224x224,none
sample_00321,signer_03_K_sample_00321.jpg,validation,signer_03,K,signer_03_session_1,shadows,room,laptop_webcam,medium,224x224,low_motion
sample_00322,signer_03_K_sample_00322.jpg,validation,signer_03,K,signer_03_session_1,low,visually_complex,external_webcam,far,224x224,none
sample_00323,signer_03_K_sample_00323.jpg,validation,signer_03,K,signer_03_session_1,backlit,cluttered,laptop_webcam,close,224x224,none
sample_00324,signer_03_K_sample_00324.jpg,validation,signer_03,K,signer_03_session_1,cool,plain,external_webcam,medium,224x224,none
sample_00325,signer_03_K_sample_00325.jpg,validation,signer_03,K,signer_03_session_1,normal,outdoor,laptop_webcam,far,224x224,low_motion
sample_00326,signer_03_K_sample_00326.jpg,validation,signer_03,K,signer_03_session_2,bright,room,external_webcam,close,224x224,none
sample_00327,signer_03_K_sample_00327.jpg,validation,signer_03,K,signer_03_session_2,warm,visually_complex,laptop_webcam,medium,224x224,none
sample_00328,signer_03_K_sample_00328.jpg,validation,signer_03,K,signer_03_session_2,shadows,cluttered,external_webcam,far,224x224,none
sample_00329,signer_03_K_sample_00329.jpg,validation,signer_03,K,signer_03_session_2,low,plain,laptop_webcam,close,224x224,low_motion
sample_00330,signer_03_K_sample_00330.jpg,validation,signer_03,K,signer_03_session_2,backlit,outdoor,external_webcam,medium,224x224,none
sample_00331,signer_03_O_sample_00331.jpg,validation,signer_03,O,signer_03_session_1,bright,room,laptop_webcam,medium,224x224,low_motion
sample_00332,signer_03_O_sample_00332.jpg,validation,signer_03,O,signer_03_session_1,warm,visually_complex,external_webcam,far,224x224,none
sample_00333,signer_03_O_sample_00333.jpg,validation,signer_03,O,signer_03_session_1,shadows,cluttered,laptop_webcam,close,224x224,none
sample_00334,signer_03_O_sample_00334.jpg,validation,signer_03,O,signer_03_session_1,low,plain,external_webcam,medium,224x224,none
sample_00335,signer_03_O_sample_00335.jpg,validation,signer_03,O,signer_03_session_1,backlit,outdoor,laptop_webcam,far,224x224,low_motion
sample_00336,signer_03_O_sample_00336.jpg,validation,signer_03,O,signer_03_session_2,cool,room,external_webcam,close,224x224,none
sample_00337,signer_03_O_sample_00337.jpg,validation,signer_03,O,signer_03_session_2,normal,visually_complex,laptop_webcam,medium,224x224,none
sample_00338,signer_03_O_sample_00338.jpg,validation,signer_03,O,signer_03_session_2,bright,cluttered,external_webcam,far,224x224,none
sample_00339,signer_03_O_sample_00339.jpg,validation,signer_03,O,signer_03_session_2,warm,plain,laptop_webcam,close,224x224,low_motion
sample_00340,signer_03_O_sample_00340.jpg,validation,signer_03,O,signer_03_session_2,shadows,outdoor,external_webcam,medium,224x224,none
sample_00341,signer_03_P_sample_00341.jpg,validation,signer_03,P,signer_03_session_1,cool,room,laptop_webcam,medium,224x224,low_motion
sample_00342,signer_03_P_sample_00342.jpg,validation,signer_03,P,signer_03_session_1,normal,visually_complex,external_webcam,far,224x224,none
sample_00343,signer_03_P_sample_00343.jpg,validation,signer_03,P,signer_03_session_1,bright,cluttered,laptop_webcam,close,224x224,none
sample_00344,signer_03_P_sample_00344.jpg,validation,signer_03,P,signer_03_session_1,warm,plain,external_webcam,medium,224x224,none
sample_00345,signer_03_P_sample_00345.jpg,validation,signer_03,P,signer_03_session_1,shadows,outdoor,laptop_webcam,far,224x224,low_motion
sample_00346,signer_03_P_sample_00346.jpg,validation,signer_03,P,signer_03_session_2,low,room,external_webcam,close,224x224,none
sample_00347,signer_03_P_sample_00347.jpg,validation,signer_03,P,signer_03_session_2,backlit,visually_complex,laptop_webcam,medium,224x224,none
sample_00348,signer_03_P_sample_00348.jpg,validation,signer_03,P,signer_03_session_2,cool,cluttered,external_webcam,far,224x224,none
sample_00349,signer_03_P_sample_00349.jpg,validation,signer_03,P,signer_03_session_2,normal,plain,laptop_webcam,close,224x224,low_motion
sample_00350,signer_03_P_sample_00350.jpg,validation,signer_03,P,signer_03_session_2,bright,outdoor,external_webcam,medium,224x224,none
sample_00351,signer_03_S_sample_00351.jpg,validation,signer_03,S,signer_03_session_1,low,room,laptop_webcam,medium,224x224,low_motion
sample_00352,signer_03_S_sample_00352.jpg,validation,signer_03,S,signer_03_session_1,backlit,visually_complex,external_webcam,far,224x224,none
sample_00353,signer_03_S_sample_00353.jpg,validation,signer_03,S,signer_03_session_1,cool,cluttered,laptop_webcam,close,224x224,none
sample_00354,signer_03_S_sample_00354.jpg,validation,signer_03,S,signer_03_session_1,normal,plain,external_webcam,medium,224x224,none
sample_00355,signer_03_S_sample_00355.jpg,validation,signer_03,S,signer_03_session_1,bright,outdoor,laptop_webcam,far,224x224,low_motion
sample_00356,signer_03_S_sample_00356.jpg,validation,signer_03,S,signer_03_session_2,warm,room,external_webcam,close,224x224,none
sample_00357,signer_03_S_sample_00357.jpg,validation,signer_03,S,signer_03_session_2,shadows,visually_complex,laptop_webcam,medium,224x224,none
sample_00358,signer_03_S_sample_00358.jpg,validation,signer_03,S,signer_03_session_2,low,cluttered,external_webcam,far,224x224,none
sample_00359,signer_03_S_sample_00359.jpg,validation,signer_03,S,signer_03_session_2,backlit,plain,laptop_webcam,close,224x224,low_motion
sample_00360,signer_03_S_sample_00360.jpg,validation,signer_03,S,signer_03_session_2,cool,outdoor,external_webcam,medium,224x224,none
sample_00361,signer_03_U_sample_00361.jpg,validation,signer_03,U,signer_03_session_1,warm,room,laptop_webcam,medium,224x224,low_motion
sample_00362,signer_03_U_sample_00362.jpg,validation,signer_03,U,signer_03_session_1,shadows,visually_complex,external_webcam,far,224x224,none
sample_00363,signer_03_U_sample_00363.jpg,validation,signer_03,U,signer_03_session_1,low,cluttered,laptop_webcam,close,224x224,none
sample_00364,signer_03_U_sample_00364.jpg,validation,signer_03,U,signer_03_session_1,backlit,plain,external_webcam,medium,224x224,none
sample_00365,signer_03_U_sample_00365.jpg,validation,signer_03,U,signer_03_session_1,cool,outdoor,laptop_webcam,far,224x224,low_motion
sample_00366,signer_03_U_sample_00366.jpg,validation,signer_03,U,signer_03_session_2,normal,room,external_webcam,close,224x224,none
sample_00367,signer_03_U_sample_00367.jpg,validation,signer_03,U,signer_03_session_2,bright,visually_complex,laptop_webcam,medium,224x224,none
sample_00368,signer_03_U_sample_00368.jpg,validation,signer_03,U,signer_03_session_2,warm,cluttered,external_webcam,far,224x224,none
sample_00369,signer_03_U_sample_00369.jpg,validation,signer_03,U,signer_03_session_2,shadows,plain,laptop_webcam,close,224x224,low_motion
sample_00370,signer_03_U_sample_00370.jpg,validation,signer_03,U,signer_03_session_2,low,outdoor,external_webcam,medium,224x224,none
sample_00371,signer_03_V_sample_00371.jpg,validation,signer_03,V,signer_03_session_1,normal,room,laptop_webcam,medium,224x224,low_motion
sample_00372,signer_03_V_sample_00372.jpg,validation,signer_03,V,signer_03_session_1,bright,visually_complex,external_webcam,far,224x224,none
sample_00373,signer_03_V_sample_00373.jpg,validation,signer_03,V,signer_03_session_1,warm,cluttered,laptop_webcam,close,224x224,none
sample_00374,signer_03_V_sample_00374.jpg,validation,signer_03,V,signer_03_session_1,shadows,plain,external_webcam,medium,224x224,none
sample_00375,signer_03_V_sample_00375.jpg,validation,signer_03,V,signer_03_session_1,low,outdoor,laptop_webcam,far,224x224,low_motion
sample_00376,signer_03_V_sample_00376.jpg,validation,signer_03,V,signer_03_session_2,backlit,room,external_webcam,close,224x224,none
sample_00377,signer_03_V_sample_00377.jpg,validation,signer_03,V,signer_03_session_2,cool,visually_complex,laptop_webcam,medium,224x224,none
sample_00378,signer_03_V_sample_00378.jpg,validation,signer_03,V,signer_03_session_2,normal,cluttered,external_webcam,far,224x224,none
sample_00379,signer_03_V_sample_00379.jpg,validation,signer_03,V,signer_03_session_2,bright,plain,laptop_webcam,close,224x224,low_motion
sample_00380,signer_03_V_sample_00380.jpg,validation,signer_03,V,signer_03_session_2,warm,outdoor,external_webcam,medium,224x224,none
sample_00381,signer_03_X_sample_00381.jpg,validation,signer_03,X,signer_03_session_1,backlit,room,laptop_webcam,medium,224x224,low_motion
sample_00382,signer_03_X_sample_00382.jpg,validation,signer_03,X,signer_03_session_1,cool,visually_complex,external_webcam,far,224x224,none
sample_00383,signer_03_X_sample_00383.jpg,validation,signer_03,X,signer_03_session_1,normal,cluttered,laptop_webcam,close,224x224,none
sample_00384,signer_03_X_sample_00384.jpg,validation,signer_03,X,signer_03_session_1,bright,plain,external_webcam,medium,224x224,none
sample_00385,signer_03_X_sample_00385.jpg,validation,signer_03,X,signer_03_session_1,warm,outdoor,laptop_webcam,far,224x224,low_motion
sample_00386,signer_03_X_sample_00386.jpg,validation,signer_03,X,signer_03_session_2,shadows,room,external_webcam,close,224x224,none
sample_00387,signer_03_X_sample_00387.jpg,validation,signer_03,X,signer_03_session_2,low,visually_complex,laptop_webcam,medium,224x224,none
sample_00388,signer_03_X_sample_00388.jpg,validation,signer_03,X,signer_03_session_2,backlit,cluttered,external_webcam,far,224x224,none
sample_00389,signer_03_X_sample_00389.jpg,validation,signer_03,X,signer_03_session_2,cool,plain,laptop_webcam,close,224x224,low_motion
sample_00390,signer_03_X_sample_00390.jpg,validation,signer_03,X,signer_03_session_2,normal,outdoor,external_webcam,medium,224x224,none
sample_00391,signer_03_Y_sample_00391.jpg,validation,signer_03,Y,signer_03_session_1,shadows,room,laptop_webcam,medium,224x224,low_motion
sample_00392,signer_03_Y_sample_00392.jpg,validation,signer_03,Y,signer_03_session_1,low,visually_complex,external_webcam,far,224x224,none
sample_00393,signer_03_Y_sample_00393.jpg,validation,signer_03,Y,signer_03_session_1,backlit,cluttered,laptop_webcam,close,224x224,none
sample_00394,signer_03_Y_sample_00394.jpg,validation,signer_03,Y,signer_03_session_1,cool,plain,external_webcam,medium,224x224,none
sample_00395,signer_03_Y_sample_00395.jpg,validation,signer_03,Y,signer_03_session_1,normal,outdoor,laptop_webcam,far,224x224,low_motion
sample_00396,signer_03_Y_sample_00396.jpg,validation,signer_03,Y,signer_03_session_2,bright,room,external_webcam,close,224x224,none
sample_00397,signer_03_Y_sample_00397.jpg,validation,signer_03,Y,signer_03_session_2,warm,visually_complex,laptop_webcam,medium,224x224,none
sample_00398,signer_03_Y_sample_00398.jpg,validation,signer_03,Y,signer_03_session_2,shadows,cluttered,external_webcam,far,224x224,none
sample_00399,signer_03_Y_sample_00399.jpg,validation,signer_03,Y,signer_03_session_2,low,plain,laptop_webcam,close,224x224,low_motion
sample_00400,signer_03_Y_sample_00400.jpg,validation,signer_03,Y,signer_03_session_2,backlit,outdoor,external_webcam,medium,224x224,none
sample_00401,signer_04_G_sample_00401.jpg,test,signer_04,G,signer_04_session_1,bright,room,laptop_webcam,medium,224x224,low_motion
sample_00402,signer_05_G_sample_00402.jpg,test,signer_05,G,signer_05_session_1,warm,visually_complex,external_webcam,far,224x224,none
sample_00403,signer_04_G_sample_00403.jpg,test,signer_04,G,signer_04_session_1,shadows,cluttered,laptop_webcam,close,224x224,none
sample_00404,signer_05_G_sample_00404.jpg,test,signer_05,G,signer_05_session_1,low,plain,external_webcam,medium,224x224,none
sample_00405,signer_04_G_sample_00405.jpg,test,signer_04,G,signer_04_session_1,backlit,outdoor,laptop_webcam,far,224x224,low_motion
sample_00406,signer_05_G_sample_00406.jpg,test,signer_05,G,signer_05_session_2,cool,room,external_webcam,close,224x224,none
sample_00407,signer_04_G_sample_00407.jpg,test,signer_04,G,signer_04_session_2,normal,visually_complex,laptop_webcam,medium,224x224,none
sample_00408,signer_05_G_sample_00408.jpg,test,signer_05,G,signer_05_session_2,bright,cluttered,external_webcam,far,224x224,none
sample_00409,signer_04_G_sample_00409.jpg,test,signer_04,G,signer_04_session_2,warm,plain,laptop_webcam,close,224x224,low_motion
sample_00410,signer_05_G_sample_00410.jpg,test,signer_05,G,signer_05_session_2,shadows,outdoor,external_webcam,medium,224x224,none
sample_00411,signer_04_G_sample_00411.jpg,test,signer_04,G,signer_04_session_3,low,room,laptop_webcam,far,224x224,none
sample_00412,signer_05_G_sample_00412.jpg,test,signer_05,G,signer_05_session_3,backlit,visually_complex,external_webcam,close,224x224,none
sample_00413,signer_04_G_sample_00413.jpg,test,signer_04,G,signer_04_session_3,cool,cluttered,laptop_webcam,medium,224x224,low_motion
sample_00414,signer_05_G_sample_00414.jpg,test,signer_05,G,signer_05_session_3,normal,plain,external_webcam,far,224x224,none
sample_00415,signer_04_G_sample_00415.jpg,test,signer_04,G,signer_04_session_3,bright,outdoor,laptop_webcam,close,224x224,none
sample_00416,signer_04_I_sample_00416.jpg,test,signer_04,I,signer_04_session_1,backlit,room,laptop_webcam,medium,224x224,low_motion
sample_00417,signer_05_I_sample_00417.jpg,test,signer_05,I,signer_05_session_1,cool,visually_complex,external_webcam,far,224x224,none
sample_00418,signer_04_I_sample_00418.jpg,test,signer_04,I,signer_04_session_1,normal,cluttered,laptop_webcam,close,224x224,none
sample_00419,signer_05_I_sample_00419.jpg,test,signer_05,I,signer_05_session_1,bright,plain,external_webcam,medium,224x224,none
sample_00420,signer_04_I_sample_00420.jpg,test,signer_04,I,signer_04_session_1,warm,outdoor,laptop_webcam,far,224x224,low_motion
sample_00421,signer_05_I_sample_00421.jpg,test,signer_05,I,signer_05_session_2,shadows,room,external_webcam,close,224x224,none
sample_00422,signer_04_I_sample_00422.jpg,test,signer_04,I,signer_04_session_2,low,visually_complex,laptop_webcam,medium,224x224,none
sample_00423,signer_05_I_sample_00423.jpg,test,signer_05,I,signer_05_session_2,backlit,cluttered,external_webcam,far,224x224,none
sample_00424,signer_04_I_sample_00424.jpg,test,signer_04,I,signer_04_session_2,cool,plain,laptop_webcam,close,224x224,low_motion
sample_00425,signer_05_I_sample_00425.jpg,test,signer_05,I,signer_05_session_2,normal,outdoor,external_webcam,medium,224x224,none
sample_00426,signer_04_I_sample_00426.jpg,test,signer_04,I,signer_04_session_3,bright,room,laptop_webcam,far,224x224,none
sample_00427,signer_05_I_sample_00427.jpg,test,signer_05,I,signer_05_session_3,warm,visually_complex,external_webcam,close,224x224,none
sample_00428,signer_04_I_sample_00428.jpg,test,signer_04,I,signer_04_session_3,shadows,cluttered,laptop_webcam,medium,224x224,low_motion
sample_00429,signer_05_I_sample_00429.jpg,test,signer_05,I,signer_05_session_3,low,plain,external_webcam,far,224x224,none
sample_00430,signer_04_I_sample_00430.jpg,test,signer_04,I,signer_04_session_3,backlit,outdoor,laptop_webcam,close,224x224,none
sample_00431,signer_04_K_sample_00431.jpg,test,signer_04,K,signer_04_session_1,warm,room,laptop_webcam,medium,224x224,low_motion
sample_00432,signer_05_K_sample_00432.jpg,test,signer_05,K,signer_05_session_1,shadows,visually_complex,external_webcam,far,224x224,none
sample_00433,signer_04_K_sample_00433.jpg,test,signer_04,K,signer_04_session_1,low,cluttered,laptop_webcam,close,224x224,none
sample_00434,signer_05_K_sample_00434.jpg,test,signer_05,K,signer_05_session_1,backlit,plain,external_webcam,medium,224x224,none
sample_00435,signer_04_K_sample_00435.jpg,test,signer_04,K,signer_04_session_1,cool,outdoor,laptop_webcam,far,224x224,low_motion
sample_00436,signer_05_K_sample_00436.jpg,test,signer_05,K,signer_05_session_2,normal,room,external_webcam,close,224x224,none
sample_00437,signer_04_K_sample_00437.jpg,test,signer_04,K,signer_04_session_2,bright,visually_complex,laptop_webcam,medium,224x224,none
sample_00438,signer_05_K_sample_00438.jpg,test,signer_05,K,signer_05_session_2,warm,cluttered,external_webcam,far,224x224,none
sample_00439,signer_04_K_sample_00439.jpg,test,signer_04,K,signer_04_session_2,shadows,plain,laptop_webcam,close,224x224,low_motion
sample_00440,signer_05_K_sample_00440.jpg,test,signer_05,K,signer_05_session_2,low,outdoor,external_webcam,medium,224x224,none
sample_00441,signer_04_K_sample_00441.jpg,test,signer_04,K,signer_04_session_3,backlit,room,laptop_webcam,far,224x224,none
sample_00442,signer_05_K_sample_00442.jpg,test,signer_05,K,signer_05_session_3,cool,visually_complex,external_webcam,close,224x224,none
sample_00443,signer_04_K_sample_00443.jpg,test,signer_04,K,signer_04_session_3,normal,cluttered,laptop_webcam,medium,224x224,low_motion
sample_00444,signer_05_K_sample_00444.jpg,test,signer_05,K,signer_05_session_3,bright,plain,external_webcam,far,224x224,none
sample_00445,signer_04_K_sample_00445.jpg,test,signer_04,K,signer_04_session_3,warm,outdoor,laptop_webcam,close,224x224,none
sample_00446,signer_04_O_sample_00446.jpg,test,signer_04,O,signer_04_session_1,cool,room,laptop_webcam,medium,224x224,low_motion
sample_00447,signer_05_O_sample_00447.jpg,test,signer_05,O,signer_05_session_1,normal,visually_complex,external_webcam,far,224x224,none
sample_00448,signer_04_O_sample_00448.jpg,test,signer_04,O,signer_04_session_1,bright,cluttered,laptop_webcam,close,224x224,none
sample_00449,signer_05_O_sample_00449.jpg,test,signer_05,O,signer_05_session_1,warm,plain,external_webcam,medium,224x224,none
sample_00450,signer_04_O_sample_00450.jpg,test,signer_04,O,signer_04_session_1,shadows,outdoor,laptop_webcam,far,224x224,low_motion
sample_00451,signer_05_O_sample_00451.jpg,test,signer_05,O,signer_05_session_2,low,room,external_webcam,close,224x224,none
sample_00452,signer_04_O_sample_00452.jpg,test,signer_04,O,signer_04_session_2,backlit,visually_complex,laptop_webcam,medium,224x224,none
sample_00453,signer_05_O_sample_00453.jpg,test,signer_05,O,signer_05_session_2,cool,cluttered,external_webcam,far,224x224,none
sample_00454,signer_04_O_sample_00454.jpg,test,signer_04,O,signer_04_session_2,normal,plain,laptop_webcam,close,224x224,low_motion
sample_00455,signer_05_O_sample_00455.jpg,test,signer_05,O,signer_05_session_2,bright,outdoor,external_webcam,medium,224x224,none
sample_00456,signer_04_O_sample_00456.jpg,test,signer_04,O,signer_04_session_3,warm,room,laptop_webcam,far,224x224,none
sample_00457,signer_05_O_sample_00457.jpg,test,signer_05,O,signer_05_session_3,shadows,visually_complex,external_webcam,close,224x224,none
sample_00458,signer_04_O_sample_00458.jpg,test,signer_04,O,signer_04_session_3,low,cluttered,laptop_webcam,medium,224x224,low_motion
sample_00459,signer_05_O_sample_00459.jpg,test,signer_05,O,signer_05_session_3,backlit,plain,external_webcam,far,224x224,none
sample_00460,signer_04_O_sample_00460.jpg,test,signer_04,O,signer_04_session_3,cool,outdoor,laptop_webcam,close,224x224,none
sample_00461,signer_04_P_sample_00461.jpg,test,signer_04,P,signer_04_session_1,shadows,room,laptop_webcam,medium,224x224,low_motion
sample_00462,signer_05_P_sample_00462.jpg,test,signer_05,P,signer_05_session_1,low,visually_complex,external_webcam,far,224x224,none
sample_00463,signer_04_P_sample_00463.jpg,test,signer_04,P,signer_04_session_1,backlit,cluttered,laptop_webcam,close,224x224,none
sample_00464,signer_05_P_sample_00464.jpg,test,signer_05,P,signer_05_session_1,cool,plain,external_webcam,medium,224x224,none
sample_00465,signer_04_P_sample_00465.jpg,test,signer_04,P,signer_04_session_1,normal,outdoor,laptop_webcam,far,224x224,low_motion
sample_00466,signer_05_P_sample_00466.jpg,test,signer_05,P,signer_05_session_2,bright,room,external_webcam,close,224x224,none
sample_00467,signer_04_P_sample_00467.jpg,test,signer_04,P,signer_04_session_2,warm,visually_complex,laptop_webcam,medium,224x224,none
sample_00468,signer_05_P_sample_00468.jpg,test,signer_05,P,signer_05_session_2,shadows,cluttered,external_webcam,far,224x224,none
sample_00469,signer_04_P_sample_00469.jpg,test,signer_04,P,signer_04_session_2,low,plain,laptop_webcam,close,224x224,low_motion
sample_00470,signer_05_P_sample_00470.jpg,test,signer_05,P,signer_05_session_2,backlit,outdoor,external_webcam,medium,224x224,none
sample_00471,signer_04_P_sample_00471.jpg,test,signer_04,P,signer_04_session_3,cool,room,laptop_webcam,far,224x224,none
sample_00472,signer_05_P_sample_00472.jpg,test,signer_05,P,signer_05_session_3,normal,visually_complex,external_webcam,close,224x224,none
sample_00473,signer_04_P_sample_00473.jpg,test,signer_04,P,signer_04_session_3,bright,cluttered,laptop_webcam,medium,224x224,low_motion
sample_00474,signer_05_P_sample_00474.jpg,test,signer_05,P,signer_05_session_3,warm,plain,external_webcam,far,224x224,none
sample_00475,signer_04_P_sample_00475.jpg,test,signer_04,P,signer_04_session_3,shadows,outdoor,laptop_webcam,close,224x224,none
sample_00476,signer_04_S_sample_00476.jpg,test,signer_04,S,signer_04_session_1,normal,room,laptop_webcam,medium,224x224,low_motion
sample_00477,signer_05_S_sample_00477.jpg,test,signer_05,S,signer_05_session_1,bright,visually_complex,external_webcam,far,224x224,none
sample_00478,signer_04_S_sample_00478.jpg,test,signer_04,S,signer_04_session_1,warm,cluttered,laptop_webcam,close,224x224,none
sample_00479,signer_05_S_sample_00479.jpg,test,signer_05,S,signer_05_session_1,shadows,plain,external_webcam,medium,224x224,none
sample_00480,signer_04_S_sample_00480.jpg,test,signer_04,S,signer_04_session_1,low,outdoor,laptop_webcam,far,224x224,low_motion
sample_00481,signer_05_S_sample_00481.jpg,test,signer_05,S,signer_05_session_2,backlit,room,external_webcam,close,224x224,none
sample_00482,signer_04_S_sample_00482.jpg,test,signer_04,S,signer_04_session_2,cool,visually_complex,laptop_webcam,medium,224x224,none
sample_00483,signer_05_S_sample_00483.jpg,test,signer_05,S,signer_05_session_2,normal,cluttered,external_webcam,far,224x224,none
sample_00484,signer_04_S_sample_00484.jpg,test,signer_04,S,signer_04_session_2,bright,plain,laptop_webcam,close,224x224,low_motion
sample_00485,signer_05_S_sample_00485.jpg,test,signer_05,S,signer_05_session_2,warm,outdoor,external_webcam,medium,224x224,none
sample_00486,signer_04_S_sample_00486.jpg,test,signer_04,S,signer_04_session_3,shadows,room,laptop_webcam,far,224x224,none
sample_00487,signer_05_S_sample_00487.jpg,test,signer_05,S,signer_05_session_3,low,visually_complex,external_webcam,close,224x224,none
sample_00488,signer_04_S_sample_00488.jpg,test,signer_04,S,signer_04_session_3,backlit,cluttered,laptop_webcam,medium,224x224,low_motion
sample_00489,signer_05_S_sample_00489.jpg,test,signer_05,S,signer_05_session_3,cool,plain,external_webcam,far,224x224,none
sample_00490,signer_04_S_sample_00490.jpg,test,signer_04,S,signer_04_session_3,normal,outdoor,laptop_webcam,close,224x224,none
sample_00491,signer_04_U_sample_00491.jpg,test,signer_04,U,signer_04_session_1,low,room,laptop_webcam,medium,224x224,low_motion
sample_00492,signer_05_U_sample_00492.jpg,test,signer_05,U,signer_05_session_1,backlit,visually_complex,external_webcam,far,224x224,none
sample_00493,signer_04_U_sample_00493.jpg,test,signer_04,U,signer_04_session_1,cool,cluttered,laptop_webcam,close,224x224,none
sample_00494,signer_05_U_sample_00494.jpg,test,signer_05,U,signer_05_session_1,normal,plain,external_webcam,medium,224x224,none
sample_00495,signer_04_U_sample_00495.jpg,test,signer_04,U,signer_04_session_1,bright,outdoor,laptop_webcam,far,224x224,low_motion
sample_00496,signer_05_U_sample_00496.jpg,test,signer_05,U,signer_05_session_2,warm,room,external_webcam,close,224x224,none
sample_00497,signer_04_U_sample_00497.jpg,test,signer_04,U,signer_04_session_2,shadows,visually_complex,laptop_webcam,medium,224x224,none
sample_00498,signer_05_U_sample_00498.jpg,test,signer_05,U,signer_05_session_2,low,cluttered,external_webcam,far,224x224,none
sample_00499,signer_04_U_sample_00499.jpg,test,signer_04,U,signer_04_session_2,backlit,plain,laptop_webcam,close,224x224,low_motion
sample_00500,signer_05_U_sample_00500.jpg,test,signer_05,U,signer_05_session_2,cool,outdoor,external_webcam,medium,224x224,none
sample_00501,signer_04_U_sample_00501.jpg,test,signer_04,U,signer_04_session_3,normal,room,laptop_webcam,far,224x224,none
sample_00502,signer_05_U_sample_00502.jpg,test,signer_05,U,signer_05_session_3,bright,visually_complex,external_webcam,close,224x224,none
sample_00503,signer_04_U_sample_00503.jpg,test,signer_04,U,signer_04_session_3,warm,cluttered,laptop_webcam,medium,224x224,low_motion
sample_00504,signer_05_U_sample_00504.jpg,test,signer_05,U,signer_05_session_3,shadows,plain,external_webcam,far,224x224,none
sample_00505,signer_04_U_sample_00505.jpg,test,signer_04,U,signer_04_session_3,low,outdoor,laptop_webcam,close,224x224,none
sample_00506,signer_04_V_sample_00506.jpg,test,signer_04,V,signer_04_session_1,bright,room,laptop_webcam,medium,224x224,low_motion
sample_00507,signer_05_V_sample_00507.jpg,test,signer_05,V,signer_05_session_1,warm,visually_complex,external_webcam,far,224x224,none
sample_00508,signer_04_V_sample_00508.jpg,test,signer_04,V,signer_04_session_1,shadows,cluttered,laptop_webcam,close,224x224,none
sample_00509,signer_05_V_sample_00509.jpg,test,signer_05,V,signer_05_session_1,low,plain,external_webcam,medium,224x224,none
sample_00510,signer_04_V_sample_00510.jpg,test,signer_04,V,signer_04_session_1,backlit,outdoor,laptop_webcam,far,224x224,low_motion
sample_00511,signer_05_V_sample_00511.jpg,test,signer_05,V,signer_05_session_2,cool,room,external_webcam,close,224x224,none
sample_00512,signer_04_V_sample_00512.jpg,test,signer_04,V,signer_04_session_2,normal,visually_complex,laptop_webcam,medium,224x224,none
sample_00513,signer_05_V_sample_00513.jpg,test,signer_05,V,signer_05_session_2,bright,cluttered,external_webcam,far,224x224,none
sample_00514,signer_04_V_sample_00514.jpg,test,signer_04,V,signer_04_session_2,warm,plain,laptop_webcam,close,224x224,low_motion
sample_00515,signer_05_V_sample_00515.jpg,test,signer_05,V,signer_05_session_2,shadows,outdoor,external_webcam,medium,224x224,none
sample_00516,signer_04_V_sample_00516.jpg,test,signer_04,V,signer_04_session_3,low,room,laptop_webcam,far,224x224,none
sample_00517,signer_05_V_sample_00517.jpg,test,signer_05,V,signer_05_session_3,backlit,visually_complex,external_webcam,close,224x224,none
sample_00518,signer_04_V_sample_00518.jpg,test,signer_04,V,signer_04_session_3,cool,cluttered,laptop_webcam,medium,224x224,low_motion
sample_00519,signer_05_V_sample_00519.jpg,test,signer_05,V,signer_05_session_3,normal,plain,external_webcam,far,224x224,none
sample_00520,signer_04_V_sample_00520.jpg,test,signer_04,V,signer_04_session_3,bright,outdoor,laptop_webcam,close,224x224,none
sample_00521,signer_04_X_sample_00521.jpg,test,signer_04,X,signer_04_session_1,backlit,room,laptop_webcam,medium,224x224,low_motion
sample_00522,signer_05_X_sample_00522.jpg,test,signer_05,X,signer_05_session_1,cool,visually_complex,external_webcam,far,224x224,none
sample_00523,signer_04_X_sample_00523.jpg,test,signer_04,X,signer_04_session_1,normal,cluttered,laptop_webcam,close,224x224,none
sample_00524,signer_05_X_sample_00524.jpg,test,signer_05,X,signer_05_session_1,bright,plain,external_webcam,medium,224x224,none
sample_00525,signer_04_X_sample_00525.jpg,test,signer_04,X,signer_04_session_1,warm,outdoor,laptop_webcam,far,224x224,low_motion
sample_00526,signer_05_X_sample_00526.jpg,test,signer_05,X,signer_05_session_2,shadows,room,external_webcam,close,224x224,none
sample_00527,signer_04_X_sample_00527.jpg,test,signer_04,X,signer_04_session_2,low,visually_complex,laptop_webcam,medium,224x224,none
sample_00528,signer_05_X_sample_00528.jpg,test,signer_05,X,signer_05_session_2,backlit,cluttered,external_webcam,far,224x224,none
sample_00529,signer_04_X_sample_00529.jpg,test,signer_04,X,signer_04_session_2,cool,plain,laptop_webcam,close,224x224,low_motion
sample_00530,signer_05_X_sample_00530.jpg,test,signer_05,X,signer_05_session_2,normal,outdoor,external_webcam,medium,224x224,none
sample_00531,signer_04_X_sample_00531.jpg,test,signer_04,X,signer_04_session_3,bright,room,laptop_webcam,far,224x224,none
sample_00532,signer_05_X_sample_00532.jpg,test,signer_05,X,signer_05_session_3,warm,visually_complex,external_webcam,close,224x224,none
sample_00533,signer_04_X_sample_00533.jpg,test,signer_04,X,signer_04_session_3,shadows,cluttered,laptop_webcam,medium,224x224,low_motion
sample_00534,signer_05_X_sample_00534.jpg,test,signer_05,X,signer_05_session_3,low,plain,external_webcam,far,224x224,none
sample_00535,signer_04_X_sample_00535.jpg,test,signer_04,X,signer_04_session_3,backlit,outdoor,laptop_webcam,close,224x224,none
sample_00536,signer_04_Y_sample_00536.jpg,test,signer_04,Y,signer_04_session_1,warm,room,laptop_webcam,medium,224x224,low_motion
sample_00537,signer_05_Y_sample_00537.jpg,test,signer_05,Y,signer_05_session_1,shadows,visually_complex,external_webcam,far,224x224,none
sample_00538,signer_04_Y_sample_00538.jpg,test,signer_04,Y,signer_04_session_1,low,cluttered,laptop_webcam,close,224x224,none
sample_00539,signer_05_Y_sample_00539.jpg,test,signer_05,Y,signer_05_session_1,backlit,plain,external_webcam,medium,224x224,none
sample_00540,signer_04_Y_sample_00540.jpg,test,signer_04,Y,signer_04_session_1,cool,outdoor,laptop_webcam,far,224x224,low_motion
sample_00541,signer_05_Y_sample_00541.jpg,test,signer_05,Y,signer_05_session_2,normal,room,external_webcam,close,224x224,none
sample_00542,signer_04_Y_sample_00542.jpg,test,signer_04,Y,signer_04_session_2,bright,visually_complex,laptop_webcam,medium,224x224,none
sample_00543,signer_05_Y_sample_00543.jpg,test,signer_05,Y,signer_05_session_2,warm,cluttered,external_webcam,far,224x224,none
sample_00544,signer_04_Y_sample_00544.jpg,test,signer_04,Y,signer_04_session_2,shadows,plain,laptop_webcam,close,224x224,low_motion
sample_00545,signer_05_Y_sample_00545.jpg,test,signer_05,Y,signer_05_session_2,low,outdoor,external_webcam,medium,224x224,none
sample_00546,signer_04_Y_sample_00546.jpg,test,signer_04,Y,signer_04_session_3,backlit,room,laptop_webcam,far,224x224,none
sample_00547,signer_05_Y_sample_00547.jpg,test,signer_05,Y,signer_05_session_3,cool,visually_complex,external_webcam,close,224x224,none
sample_00548,signer_04_Y_sample_00548.jpg,test,signer_04,Y,signer_04_session_3,normal,cluttered,laptop_webcam,medium,224x224,low_motion
sample_00549,signer_05_Y_sample_00549.jpg,test,signer_05,Y,signer_05_session_3,bright,plain,external_webcam,far,224x224,none
sample_00550,signer_04_Y_sample_00550.jpg,test,signer_04,Y,signer_04_session_3,warm,outdoor,laptop_webcam,close,224x224,none
