sample_id,split,signer_id,class,session_id,hand_scale,finger_scale,rotation_deg
sample_00001,train,signer_01,G,signer_01_session_1,1.04,0.95,3.67
sample_00002,train,signer_01,G,signer_01_session_2,1.04,0.95,3.65
sample_00003,train,signer_01,G,signer_01_session_3,1.04,0.95,-7.75
sample_00004,train,signer_01,G,signer_01_session_4,1.04,0.95,-4.0
sample_00005,train,signer_01,G,signer_01_session_5,1.04,0.95,4.01
sample_00006,train,signer_01,G,signer_01_session_6,1.04,0.95,-4.99
sample_00007,train,signer_01,G,signer_01_session_7,1.04,0.95,-6.79
sample_00008,train,signer_01,G,signer_01_session_8,1.04,0.95,-4.2
sample_00009,train,signer_01,G,signer_01_session_9,1.04,0.95,-0.6
sample_00010,train,signer_01,G,signer_01_session_10,1.04,0.95,-2.64
sample_00011,train,signer_01,I,signer_01_session_1,1.04,0.95,-1.26
sample_00012,train,signer_01,I,signer_01_session_2,1.04,0.95,5.11
sample_00013,train,signer_01,I,signer_01_session_3,1.04,0.95,-1.85
sample_00014,train,signer_01,I,signer_01_session_4,1.04,0.95,6.09
sample_00015,train,signer_01,I,signer_01_session_5,1.04,0.95,4.18
sample_00016,train,signer_01,I,signer_01_session_6,1.04,0.95,-7.03
sample_00017,train,signer_01,I,signer_01_session_7,1.04,0.95,-5.33
sample_00018,train,signer_01,I,signer_01_session_8,1.04,0.95,-6.08
sample_00019,train,signer_01,I,signer_01_session_9,1.04,0.95,1.78
sample_00020,train,signer_01,I,signer_01_session_10,1.04,0.95,-2.44
sample_00021,train,signer_01,K,signer_01_session_1,1.04,0.95,-7.07
sample_00022,train,signer_01,K,signer_01_session_2,1.04,0.95,-6.64
sample_00023,train,signer_01,K,signer_01_session_3,1.04,0.95,2.18
sample_00024,train,signer_01,K,signer_01_session_4,1.04,0.95,-1.44
sample_00025,train,signer_01,K,signer_01_session_5,1.04,0.95,0.7
sample_00026,train,signer_01,K,signer_01_session_6,1.04,0.95,0.08
sample_00027,train,signer_01,K,signer_01_session_7,1.04,0.95,2.73
sample_00028,train,signer_01,K,signer_01_session_8,1.04,0.95,2.44
sample_00029,train,signer_01,K,signer_01_session_9,1.04,0.95,1.8
sample_00030,train,signer_01,K,signer_01_session_10,1.04,0.95,-2.55
sample_00031,train,signer_01,O,signer_01_session_1,1.04,0.95,2.03
sample_00032,train,signer_01,O,signer_01_session_2,1.04,0.95,2.92
sample_00033,train,signer_01,O,signer_01_session_3,1.04,0.95,-0.44
sample_00034,train,signer_01,O,signer_01_session_4,1.04,0.95,4.5
sample_00035,train,signer_01,O,signer_01_session_5,1.04,0.95,7.89
sample_00036,train,signer_01,O,signer_01_session_6,1.04,0.95,3.4
sample_00037,train,signer_01,O,signer_01_session_7,1.04,0.95,-3.36
sample_00038,train,signer_01,O,signer_01_session_8,1.04,0.95,5.86
sample_00039,train,signer_01,O,signer_01_session_9,1.04,0.95,3.29
sample_00040,train,signer_01,O,signer_01_session_10,1.04,0.95,-7.08
sample_00041,train,signer_01,P,signer_01_session_1,1.04,0.95,3.34
sample_00042,train,signer_01,P,signer_01_session_2,1.04,0.95,-3.85
sample_00043,train,signer_01,P,signer_01_session_3,1.04,0.95,5.41
sample_00044,train,signer_01,P,signer_01_session_4,1.04,0.95,-0.65
sample_00045,train,signer_01,P,signer_01_session_5,1.04,0.95,-0.67
sample_00046,train,signer_01,P,signer_01_session_6,1.04,0.95,1.96
sample_00047,train,signer_01,P,signer_01_session_7,1.04,0.95,5.1
sample_00048,train,signer_01,P,signer_01_session_8,1.04,0.95,-6.88
sample_00049,train,signer_01,P,signer_01_session_9,1.04,0.95,-7.62
sample_00050,train,signer_01,P,signer_01_session_10,1.04,0.95,5.22
sample_00051,train,signer_01,S,signer_01_session_1,1.04,0.95,6.68
sample_00052,train,signer_01,S,signer_01_session_2,1.04,0.95,-5.01
sample_00053,train,signer_01,S,signer_01_session_3,1.04,0.95,-5.97
sample_00054,train,signer_01,S,signer_01_session_4,1.04,0.95,7.33
sample_00055,train,signer_01,S,signer_01_session_5,1.04,0.95,-6.84
sample_00056,train,signer_01,S,signer_01_session_6,1.04,0.95,7.06
sample_00057,train,signer_01,S,signer_01_session_7,1.04,0.95,0.07
sample_00058,train,signer_01,S,signer_01_session_8,1.04,0.95,5.42
sample_00059,train,signer_01,S,signer_01_session_9,1.04,0.95,2.81
sample_00060,train,signer_01,S,signer_01_session_10,1.04,0.95,-3.62
sample_00061,train,signer_01,U,signer_01_session_1,1.04,0.95,3.9
sample_00062,train,signer_01,U,signer_01_session_2,1.04,0.95,-2.56
sample_00063,train,signer_01,U,signer_01_session_3,1.04,0.95,-4.88
sample_00064,train,signer_01,U,signer_01_session_4,1.04,0.95,-7.35
sample_00065,train,signer_01,U,signer_01_session_5,1.04,0.95,3.48
sample_00066,train,signer_01,U,signer_01_session_6,1.04,0.95,-2.94
sample_00067,train,signer_01,U,signer_01_session_7,1.04,0.95,-0.14
sample_00068,train,signer_01,U,signer_01_session_8,1.04,0.95,6.22
sample_00069,train,signer_01,U,signer_01_session_9,1.04,0.95,-7.36
sample_00070,train,signer_01,U,signer_01_session_10,1.04,0.95,-5.92
sample_00071,train,signer_01,V,signer_01_session_1,1.04,0.95,6.26
sample_00072,train,signer_01,V,signer_01_session_2,1.04,0.95,-0.87
sample_00073,train,signer_01,V,signer_01_session_3,1.04,0.95,6.64
sample_00074,train,signer_01,V,signer_01_session_4,1.04,0.95,1.21
sample_00075,train,signer_01,V,signer_01_session_5,1.04,0.95,-1.54
sample_00076,train,signer_01,V,signer_01_session_6,1.04,0.95,-2.21
sample_00077,train,signer_01,V,signer_01_session_7,1.04,0.95,1.26
sample_00078,train,signer_01,V,signer_01_session_8,1.04,0.95,-3.02
sample_00079,train,signer_01,V,signer_01_session_9,1.04,0.95,6.97
sample_00080,train,signer_01,V,signer_01_session_10,1.04,0.95,-1.51
sample_00081,train,signer_01,X,signer_01_session_1,1.04,0.95,-5.69
sample_00082,train,signer_01,X,signer_01_session_2,1.04,0.95,3.19
sample_00083,train,signer_01,X,signer_01_session_3,1.04,0.95,6.88
sample_00084,train,signer_01,X,signer_01_session_4,1.04,0.95,-2.93
sample_00085,train,signer_01,X,signer_01_session_5,1.04,0.95,-0.63
sample_00086,train,signer_01,X,signer_01_session_6,1.04,0.95,-1.02
sample_00087,train,signer_01,X,signer_01_session_7,1.04,0.95,6.39
sample_00088,train,signer_01,X,signer_01_session_8,1.04,0.95,2.02
sample_00089,train,signer_01,X,signer_01_session_9,1.04,0.95,-5.64
sample_00090,train,signer_01,X,signer_01_session_10,1.04,0.95,7.65
sample_00091,train,signer_01,Y,signer_01_session_1,1.04,0.95,-6.06
sample_00092,train,signer_01,Y,signer_01_session_2,1.04,0.95,7.98
sample_00093,train,signer_01,Y,signer_01_session_3,1.04,0.95,-1.53
sample_00094,train,signer_01,Y,signer_01_session_4,1.04,0.95,2.41
sample_00095,train,signer_01,Y,signer_01_session_5,1.04,0.95,0.6
sample_00096,train,signer_01,Y,signer_01_session_6,1.04,0.95,2.44
sample_00097,train,signer_01,Y,signer_01_session_7,1.04,0.95,-5.59
sample_00098,train,signer_01,Y,signer_01_session_8,1.04,0.95,6.49
sample_00099,train,signer_01,Y,signer_01_session_9,1.04,0.95,3.32
sample_00100,train,signer_01,Y,signer_01_session_10,1.04,0.95,-6.98
sample_00101,train,signer_02,G,signer_02_session_1,1.06,1.11,1.01
sample_00102,train,signer_02,G,signer_02_session_2,1.06,1.11,-3.86
sample_00103,train,signer_02,G,signer_02_session_3,1.06,1.11,0.24
sample_00104,train,signer_02,G,signer_02_session_4,1.06,1.11,-2.72
sample_00105,train,signer_02,G,signer_02_session_5,1.06,1.11,4.85
sample_00106,train,signer_02,G,signer_02_session_6,1.06,1.11,6.58
sample_00107,train,signer_02,G,signer_02_session_7,1.06,1.11,-3.78
sample_00108,train,signer_02,G,signer_02_session_8,1.06,1.11,2.74
sample_00109,train,signer_02,G,signer_02_session_9,1.06,1.11,-7.7
sample_00110,train,signer_02,G,signer_02_session_10,1.06,1.11,-7.39
sample_00111,train,signer_02,I,signer_02_session_1,1.06,1.11,-5.35
sample_00112,train,signer_02,I,signer_02_session_2,1.06,1.11,-4.73
sample_00113,train,signer_02,I,signer_02_session_3,1.06,1.11,-2.32
sample_00114,train,signer_02,I,signer_02_session_4,1.06,1.11,6.84
sample_00115,train,signer_02,I,signer_02_session_5,1.06,1.11,7.09
sample_00116,train,signer_02,I,signer_02_session_6,1.06,1.11,-3.23
sample_00117,train,signer_02,I,signer_02_session_7,1.06,1.11,2.61
sample_00118,train,signer_02,I,signer_02_session_8,1.06,1.11,-0.5
sample_00119,train,signer_02,I,signer_02_session_9,1.06,1.11,-5.47
sample_00120,train,signer_02,I,signer_02_session_10,1.06,1.11,4.8
sample_00121,train,signer_02,K,signer_02_session_1,1.06,1.11,0.68
sample_00122,train,signer_02,K,signer_02_session_2,1.06,1.11,-7.92
sample_00123,train,signer_02,K,signer_02_session_3,1.06,1.11,0.2
sample_00124,train,signer_02,K,signer_02_session_4,1.06,1.11,-6.4
sample_00125,train,signer_02,K,signer_02_session_5,1.06,1.11,1.61
sample_00126,train,signer_02,K,signer_02_session_6,1.06,1.11,-5.25
sample_00127,train,signer_02,K,signer_02_session_7,1.06,1.11,6.81
sample_00128,train,signer_02,K,signer_02_session_8,1.06,1.11,6.47
sample_00129,train,signer_02,K,signer_02_session_9,1.06,1.11,-3.97
sample_00130,train,signer_02,K,signer_02_session_10,1.06,1.11,-6.55
sample_00131,train,signer_02,O,signer_02_session_1,1.06,1.11,6.87
sample_00132,train,signer_02,O,signer_02_session_2,1.06,1.11,0.61
sample_00133,train,signer_02,O,signer_02_session_3,1.06,1.11,6.67
sample_00134,train,signer_02,O,signer_02_session_4,1.06,1.11,1.7
sample_00135,train,signer_02,O,signer_02_session_5,1.06,1.11,-7.07
sample_00136,train,signer_02,O,signer_02_session_6,1.06,1.11,-7.33
sample_00137,train,signer_02,O,signer_02_session_7,1.06,1.11,4.63
sample_00138,train,signer_02,O,signer_02_session_8,1.06,1.11,-5.54
sample_00139,train,signer_02,O,signer_02_session_9,1.06,1.11,-3.63
sample_00140,train,signer_02,O,signer_02_session_10,1.06,1.11,-5.87
sample_00141,train,signer_02,P,signer_02_session_1,1.06,1.11,-4.92
sample_00142,train,signer_02,P,signer_02_session_2,1.06,1.11,5.45
sample_00143,train,signer_02,P,signer_02_session_3,1.06,1.11,-1.37
sample_00144,train,signer_02,P,signer_02_session_4,1.06,1.11,-7.66
sample_00145,train,signer_02,P,signer_02_session_5,1.06,1.11,3.79
sample_00146,train,signer_02,P,signer_02_session_6,1.06,1.11,4.45
sample_00147,train,signer_02,P,signer_02_session_7,1.06,1.11,4.68
sample_00148,train,signer_02,P,signer_02_session_8,1.06,1.11,5.39
sample_00149,train,signer_02,P,signer_02_session_9,1.06,1.11,3.88
sample_00150,train,signer_02,P,signer_02_session_10,1.06,1.11,-6.31
sample_00151,train,signer_02,S,signer_02_session_1,1.06,1.11,4.21
sample_00152,train,signer_02,S,signer_02_session_2,1.06,1.11,2.59
sample_00153,train,signer_02,S,signer_02_session_3,1.06,1.11,-5.59
sample_00154,train,signer_02,S,signer_02_session_4,1.06,1.11,7.72
sample_00155,train,signer_02,S,signer_02_session_5,1.06,1.11,-4.54
sample_00156,train,signer_02,S,signer_02_session_6,1.06,1.11,2.48
sample_00157,train,signer_02,S,signer_02_session_7,1.06,1.11,6.77
sample_00158,train,signer_02,S,signer_02_session_8,1.06,1.11,1.48
sample_00159,train,signer_02,S,signer_02_session_9,1.06,1.11,7.26
sample_00160,train,signer_02,S,signer_02_session_10,1.06,1.11,0.18
sample_00161,train,signer_02,U,signer_02_session_1,1.06,1.11,6.64
sample_00162,train,signer_02,U,signer_02_session_2,1.06,1.11,-7.0
sample_00163,train,signer_02,U,signer_02_session_3,1.06,1.11,-7.25
sample_00164,train,signer_02,U,signer_02_session_4,1.06,1.11,-6.35
sample_00165,train,signer_02,U,signer_02_session_5,1.06,1.11,-6.98
sample_00166,train,signer_02,U,signer_02_session_6,1.06,1.11,-2.66
sample_00167,train,signer_02,U,signer_02_session_7,1.06,1.11,4.85
sample_00168,train,signer_02,U,signer_02_session_8,1.06,1.11,-7.35
sample_00169,train,signer_02,U,signer_02_session_9,1.06,1.11,-0.4
sample_00170,train,signer_02,U,signer_02_session_10,1.06,1.11,-4.44
sample_00171,train,signer_02,V,signer_02_session_1,1.06,1.11,4.78
sample_00172,train,signer_02,V,signer_02_session_2,1.06,1.11,6.68
sample_00173,train,signer_02,V,signer_02_session_3,1.06,1.11,-4.96
sample_00174,train,signer_02,V,signer_02_session_4,1.06,1.11,-3.52
sample_00175,train,signer_02,V,signer_02_session_5,1.06,1.11,5.01
sample_00176,train,signer_02,V,signer_02_session_6,1.06,1.11,3.28
sample_00177,train,signer_02,V,signer_02_session_7,1.06,1.11,-6.99
sample_00178,train,signer_02,V,signer_02_session_8,1.06,1.11,5.36
sample_00179,train,signer_02,V,signer_02_session_9,1.06,1.11,2.55
sample_00180,train,signer_02,V,signer_02_session_10,1.06,1.11,2.22
sample_00181,train,signer_02,X,signer_02_session_1,1.06,1.11,0.81
sample_00182,train,signer_02,X,signer_02_session_2,1.06,1.11,3.69
sample_00183,train,signer_02,X,signer_02_session_3,1.06,1.11,-7.64
sample_00184,train,signer_02,X,signer_02_session_4,1.06,1.11,3.45
sample_00185,train,signer_02,X,signer_02_session_5,1.06,1.11,-1.86
sample_00186,train,signer_02,X,signer_02_session_6,1.06,1.11,6.31
sample_00187,train,signer_02,X,signer_02_session_7,1.06,1.11,-5.86
sample_00188,train,signer_02,X,signer_02_session_8,1.06,1.11,-4.5
sample_00189,train,signer_02,X,signer_02_session_9,1.06,1.11,-0.53
sample_00190,train,signer_02,X,signer_02_session_10,1.06,1.11,5.38
sample_00191,train,signer_02,Y,signer_02_session_1,1.06,1.11,-7.64
sample_00192,train,signer_02,Y,signer_02_session_2,1.06,1.11,3.24
sample_00193,train,signer_02,Y,signer_02_session_3,1.06,1.11,-3.22
sample_00194,train,signer_02,Y,signer_02_session_4,1.06,1.11,-2.65
sample_00195,train,signer_02,Y,signer_02_session_5,1.06,1.11,4.8
sample_00196,train,signer_02,Y,signer_02_session_6,1.06,1.11,-2.89
sample_00197,train,signer_02,Y,signer_02_session_7,1.06,1.11,4.0
sample_00198,train,signer_02,Y,signer_02_session_8,1.06,1.11,-4.26
sample_00199,train,signer_02,Y,signer_02_session_9,1.06,1.11,3.36
sample_00200,train,signer_02,Y,signer_02_session_10,1.06,1.11,4.66
sample_00201,train,signer_03,G,signer_03_session_1,1.14,1.05,-7.73
sample_00202,train,signer_03,G,signer_03_session_2,1.14,1.05,2.58
sample_00203,train,signer_03,G,signer_03_session_3,1.14,1.05,5.96
sample_00204,train,signer_03,G,signer_03_session_4,1.14,1.05,3.56
sample_00205,train,signer_03,G,signer_03_session_5,1.14,1.05,6.89
sample_00206,train,signer_03,G,signer_03_session_6,1.14,1.05,6.39
sample_00207,train,signer_03,G,signer_03_session_7,1.14,1.05,3.56
sample_00208,train,signer_03,G,signer_03_session_8,1.14,1.05,-7.0
sample_00209,train,signer_03,G,signer_03_session_9,1.14,1.05,0.58
sample_00210,train,signer_03,G,signer_03_session_10,1.14,1.05,-4.21
sample_00211,train,signer_03,I,signer_03_session_1,1.14,1.05,0.09
sample_00212,train,signer_03,I,signer_03_session_2,1.14,1.05,-5.82
sample_00213,train,signer_03,I,signer_03_session_3,1.14,1.05,-1.07
sample_00214,train,signer_03,I,signer_03_session_4,1.14,1.05,0.02
sample_00215,train,signer_03,I,signer_03_session_5,1.14,1.05,7.77
sample_00216,train,signer_03,I,signer_03_session_6,1.14,1.05,3.74
sample_00217,train,signer_03,I,signer_03_session_7,1.14,1.05,2.32
sample_00218,train,signer_03,I,signer_03_session_8,1.14,1.05,-6.21
sample_00219,train,signer_03,I,signer_03_session_9,1.14,1.05,-6.75
sample_00220,train,signer_03,I,signer_03_session_10,1.14,1.05,-5.57
sample_00221,train,signer_03,K,signer_03_session_1,1.14,1.05,-1.49
sample_00222,train,signer_03,K,signer_03_session_2,1.14,1.05,-3.68
sample_00223,train,signer_03,K,signer_03_session_3,1.14,1.05,0.1
sample_00224,train,signer_03,K,signer_03_session_4,1.14,1.05,-6.19
sample_00225,train,signer_03,K,signer_03_session_5,1.14,1.05,-6.72
sample_00226,train,signer_03,K,signer_03_session_6,1.14,1.05,4.28
sample_00227,train,signer_03,K,signer_03_session_7,1.14,1.05,-1.19
sample_00228,train,signer_03,K,signer_03_session_8,1.14,1.05,6.5
sample_00229,train,signer_03,K,signer_03_session_9,1.14,1.05,3.81
sample_00230,train,signer_03,K,signer_03_session_10,1.14,1.05,7.86
sample_00231,train,signer_03,O,signer_03_session_1,1.14,1.05,1.39
sample_00232,train,signer_03,O,signer_03_session_2,1.14,1.05,2.08
sample_00233,train,signer_03,O,signer_03_session_3,1.14,1.05,-0.01
sample_00234,train,signer_03,O,signer_03_session_4,1.14,1.05,3.54
sample_00235,train,signer_03,O,signer_03_session_5,1.14,1.05,-2.33
sample_00236,train,signer_03,O,signer_03_session_6,1.14,1.05,1.18
sample_00237,train,signer_03,O,signer_03_session_7,1.14,1.05,5.98
sample_00238,train,signer_03,O,signer_03_session_8,1.14,1.05,0.56
sample_00239,train,signer_03,O,signer_03_session_9,1.14,1.05,-4.93
sample_00240,train,signer_03,O,signer_03_session_10,1.14,1.05,4.02
sample_00241,train,signer_03,P,signer_03_session_1,1.14,1.05,4.75
sample_00242,train,signer_03,P,signer_03_session_2,1.14,1.05,2.99
sample_00243,train,signer_03,P,signer_03_session_3,1.14,1.05,-1.77
sample_00244,train,signer_03,P,signer_03_session_4,1.14,1.05,-4.14
sample_00245,train,signer_03,P,signer_03_session_5,1.14,1.05,-2.26
sample_00246,train,signer_03,P,signer_03_session_6,1.14,1.05,6.39
sample_00247,train,signer_03,P,signer_03_session_7,1.14,1.05,-1.26
sample_00248,train,signer_03,P,signer_03_session_8,1.14,1.05,-5.9
sample_00249,train,signer_03,P,signer_03_session_9,1.14,1.05,0.36
sample_00250,train,signer_03,P,signer_03_session_10,1.14,1.05,-7.46
sample_00251,train,signer_03,S,signer_03_session_1,1.14,1.05,4.7
sample_00252,train,signer_03,S,signer_03_session_2,1.14,1.05,-7.6
sample_00253,train,signer_03,S,signer_03_session_3,1.14,1.05,-0.04
sample_00254,train,signer_03,S,signer_03_session_4,1.14,1.05,4.98
sample_00255,train,signer_03,S,signer_03_session_5,1.14,1.05,7.22
sample_00256,train,signer_03,S,signer_03_session_6,1.14,1.05,-3.16
sample_00257,train,signer_03,S,signer_03_session_7,1.14,1.05,-7.22
sample_00258,train,signer_03,S,signer_03_session_8,1.14,1.05,-6.85
sample_00259,train,signer_03,S,signer_03_session_9,1.14,1.05,6.59
sample_00260,train,signer_03,S,signer_03_session_10,1.14,1.05,5.44
sample_00261,train,signer_03,U,signer_03_session_1,1.14,1.05,6.91
sample_00262,train,signer_03,U,signer_03_session_2,1.14,1.05,2.54
sample_00263,train,signer_03,U,signer_03_session_3,1.14,1.05,-0.24
sample_00264,train,signer_03,U,signer_03_session_4,1.14,1.05,-5.92
sample_00265,train,signer_03,U,signer_03_session_5,1.14,1.05,1.34
sample_00266,train,signer_03,U,signer_03_session_6,1.14,1.05,-7.79
sample_00267,train,signer_03,U,signer_03_session_7,1.14,1.05,1.54
sample_00268,train,signer_03,U,signer_03_session_8,1.14,1.05,-7.53
sample_00269,train,signer_03,U,signer_03_session_9,1.14,1.05,3.46
sample_00270,train,signer_03,U,signer_03_session_10,1.14,1.05,-7.4
sample_00271,train,signer_03,V,signer_03_session_1,1.14,1.05,-1.33
sample_00272,train,signer_03,V,signer_03_session_2,1.14,1.05,0.57
sample_00273,train,signer_03,V,signer_03_session_3,1.14,1.05,-6.29
sample_00274,train,signer_03,V,signer_03_session_4,1.14,1.05,2.5
sample_00275,train,signer_03,V,signer_03_session_5,1.14,1.05,-5.19
sample_00276,train,signer_03,V,signer_03_session_6,1.14,1.05,4.57
sample_00277,train,signer_03,V,signer_03_session_7,1.14,1.05,-0.16
sample_00278,train,signer_03,V,signer_03_session_8,1.14,1.05,4.46
sample_00279,train,signer_03,V,signer_03_session_9,1.14,1.05,-0.78
sample_00280,train,signer_03,V,signer_03_session_10,1.14,1.05,0.93
sample_00281,train,signer_03,X,signer_03_session_1,1.14,1.05,2.65
sample_00282,train,signer_03,X,signer_03_session_2,1.14,1.05,-3.97
sample_00283,train,signer_03,X,signer_03_session_3,1.14,1.05,3.7
sample_00284,train,signer_03,X,signer_03_session_4,1.14,1.05,6.99
sample_00285,train,signer_03,X,signer_03_session_5,1.14,1.05,-1.07
sample_00286,train,signer_03,X,signer_03_session_6,1.14,1.05,2.49
sample_00287,train,signer_03,X,signer_03_session_7,1.14,1.05,0.28
sample_00288,train,signer_03,X,signer_03_session_8,1.14,1.05,4.56
sample_00289,train,signer_03,X,signer_03_session_9,1.14,1.05,7.8
sample_00290,train,signer_03,X,signer_03_session_10,1.14,1.05,0.72
sample_00291,train,signer_03,Y,signer_03_session_1,1.14,1.05,2.31
sample_00292,train,signer_03,Y,signer_03_session_2,1.14,1.05,-0.9
sample_00293,train,signer_03,Y,signer_03_session_3,1.14,1.05,-2.55
sample_00294,train,signer_03,Y,signer_03_session_4,1.14,1.05,-5.02
sample_00295,train,signer_03,Y,signer_03_session_5,1.14,1.05,-1.17
sample_00296,train,signer_03,Y,signer_03_session_6,1.14,1.05,0.94
sample_00297,train,signer_03,Y,signer_03_session_7,1.14,1.05,-1.13
sample_00298,train,signer_03,Y,signer_03_session_8,1.14,1.05,-7.19
sample_00299,train,signer_03,Y,signer_03_session_9,1.14,1.05,2.13
sample_00300,train,signer_03,Y,signer_03_session_10,1.14,1.05,4.88
sample_00301,train,signer_04,G,signer_04_session_1,1.08,1.12,2.69
sample_00302,train,signer_04,G,signer_04_session_2,1.08,1.12,1.88
sample_00303,train,signer_04,G,signer_04_session_3,1.08,1.12,-7.53
sample_00304,train,signer_04,G,signer_04_session_4,1.08,1.12,-4.15
sample_00305,train,signer_04,G,signer_04_session_5,1.08,1.12,-2.34
sample_00306,train,signer_04,G,signer_04_session_6,1.08,1.12,-7.45
sample_00307,train,signer_04,G,signer_04_session_7,1.08,1.12,6.65
sample_00308,train,signer_04,G,signer_04_session_8,1.08,1.12,6.24
sample_00309,train,signer_04,G,signer_04_session_9,1.08,1.12,5.5
sample_00310,train,signer_04,G,signer_04_session_10,1.08,1.12,-4.36
sample_00311,train,signer_04,I,signer_04_session_1,1.08,1.12,1.05
sample_00312,train,signer_04,I,signer_04_session_2,1.08,1.12,-1.29
sample_00313,train,signer_04,I,signer_04_session_3,1.08,1.12,-1.05
sample_00314,train,signer_04,I,signer_04_session_4,1.08,1.12,0.04
sample_00315,train,signer_04,I,signer_04_session_5,1.08,1.12,-0.93
sample_00316,train,signer_04,I,signer_04_session_6,1.08,1.12,7.89
sample_00317,train,signer_04,I,signer_04_session_7,1.08,1.12,7.92
sample_00318,train,signer_04,I,signer_04_session_8,1.08,1.12,1.75
sample_00319,train,signer_04,I,signer_04_session_9,1.08,1.12,5.68
sample_00320,train,signer_04,I,signer_04_session_10,1.08,1.12,-5.84
sample_00321,train,signer_04,K,signer_04_session_1,1.08,1.12,0.92
sample_00322,train,signer_04,K,signer_04_session_2,1.08,1.12,-0.31
sample_00323,train,signer_04,K,signer_04_session_3,1.08,1.12,-6.9
sample_00324,train,signer_04,K,signer_04_session_4,1.08,1.12,6.53
sample_00325,train,signer_04,K,signer_04_session_5,1.08,1.12,-1.93
sample_00326,train,signer_04,K,signer_04_session_6,1.08,1.12,-4.57
sample_00327,train,signer_04,K,signer_04_session_7,1.08,1.12,5.84
sample_00328,train,signer_04,K,signer_04_session_8,1.08,1.12,-0.4
sample_00329,train,signer_04,K,signer_04_session_9,1.08,1.12,-3.31
sample_00330,train,signer_04,K,signer_04_session_10,1.08,1.12,0.18
sample_00331,train,signer_04,O,signer_04_session_1,1.08,1.12,5.81
sample_00332,train,signer_04,O,signer_04_session_2,1.08,1.12,5.53
sample_00333,train,signer_04,O,signer_04_session_3,1.08,1.12,3.57
sample_00334,train,signer_04,O,signer_04_session_4,1.08,1.12,2.74
sample_00335,train,signer_04,O,signer_04_session_5,1.08,1.12,1.99
sample_00336,train,signer_04,O,signer_04_session_6,1.08,1.12,7.13
sample_00337,train,signer_04,O,signer_04_session_7,1.08,1.12,4.53
sample_00338,train,signer_04,O,signer_04_session_8,1.08,1.12,4.8
sample_00339,train,signer_04,O,signer_04_session_9,1.08,1.12,0.3
sample_00340,train,signer_04,O,signer_04_session_10,1.08,1.12,-7.16
sample_00341,train,signer_04,P,signer_04_session_1,1.08,1.12,4.95
sample_00342,train,signer_04,P,signer_04_session_2,1.08,1.12,-2.97
sample_00343,train,signer_04,P,signer_04_session_3,1.08,1.12,-6.89
sample_00344,train,signer_04,P,signer_04_session_4,1.08,1.12,-3.66
sample_00345,train,signer_04,P,signer_04_session_5,1.08,1.12,-2.35
sample_00346,train,signer_04,P,signer_04_session_6,1.08,1.12,7.16
sample_00347,train,signer_04,P,signer_04_session_7,1.08,1.12,7.87
sample_00348,train,signer_04,P,signer_04_session_8,1.08,1.12,5.51
sample_00349,train,signer_04,P,signer_04_session_9,1.08,1.12,-3.78
sample_00350,train,signer_04,P,signer_04_session_10,1.08,1.12,4.03
sample_00351,train,signer_04,S,signer_04_session_1,1.08,1.12,-6.19
sample_00352,train,signer_04,S,signer_04_session_2,1.08,1.12,5.13
sample_00353,train,signer_04,S,signer_04_session_3,1.08,1.12,1.76
sample_00354,train,signer_04,S,signer_04_session_4,1.08,1.12,-3.34
sample_00355,train,signer_04,S,signer_04_session_5,1.08,1.12,-7.63
sample_00356,train,signer_04,S,signer_04_session_6,1.08,1.12,-7.78
sample_00357,train,signer_04,S,signer_04_session_7,1.08,1.12,-5.79
sample_00358,train,signer_04,S,signer_04_session_8,1.08,1.12,7.59
sample_00359,train,signer_04,S,signer_04_session_9,1.08,1.12,-3.31
sample_00360,train,signer_04,S,signer_04_session_10,1.08,1.12,4.82
sample_00361,train,signer_04,U,signer_04_session_1,1.08,1.12,2.34
sample_00362,train,signer_04,U,signer_04_session_2,1.08,1.12,7.1
sample_00363,train,signer_04,U,signer_04_session_3,1.08,1.12,6.79
sample_00364,train,signer_04,U,signer_04_session_4,1.08,1.12,3.71
sample_00365,train,signer_04,U,signer_04_session_5,1.08,1.12,-2.45
sample_00366,train,signer_04,U,signer_04_session_6,1.08,1.12,6.55
sample_00367,train,signer_04,U,signer_04_session_7,1.08,1.12,-6.25
sample_00368,train,signer_04,U,signer_04_session_8,1.08,1.12,4.27
sample_00369,train,signer_04,U,signer_04_session_9,1.08,1.12,-3.48
sample_00370,train,signer_04,U,signer_04_session_10,1.08,1.12,4.43
sample_00371,train,signer_04,V,signer_04_session_1,1.08,1.12,3.95
sample_00372,train,signer_04,V,signer_04_session_2,1.08,1.12,-5.52
sample_00373,train,signer_04,V,signer_04_session_3,1.08,1.12,-0.19
sample_00374,train,signer_04,V,signer_04_session_4,1.08,1.12,7.71
sample_00375,train,signer_04,V,signer_04_session_5,1.08,1.12,6.88
sample_00376,train,signer_04,V,signer_04_session_6,1.08,1.12,0.97
sample_00377,train,signer_04,V,signer_04_session_7,1.08,1.12,-3.2
sample_00378,train,signer_04,V,signer_04_session_8,1.08,1.12,-3.3
sample_00379,train,signer_04,V,signer_04_session_9,1.08,1.12,-4.8
sample_00380,train,signer_04,V,signer_04_session_10,1.08,1.12,0.98
sample_00381,train,signer_04,X,signer_04_session_1,1.08,1.12,1.76
sample_00382,train,signer_04,X,signer_04_session_2,1.08,1.12,3.07
sample_00383,train,signer_04,X,signer_04_session_3,1.08,1.12,7.12
sample_00384,train,signer_04,X,signer_04_session_4,1.08,1.12,-3.65
sample_00385,train,signer_04,X,signer_04_session_5,1.08,1.12,3.05
sample_00386,train,signer_04,X,signer_04_session_6,1.08,1.12,3.93
sample_00387,train,signer_04,X,signer_04_session_7,1.08,1.12,2.7
sample_00388,train,signer_04,X,signer_04_session_8,1.08,1.12,-4.05
sample_00389,train,signer_04,X,signer_04_session_9,1.08,1.12,2.44
sample_00390,train,signer_04,X,signer_04_session_10,1.08,1.12,-2.93
sample_00391,train,signer_04,Y,signer_04_session_1,1.08,1.12,-1.15
sample_00392,train,signer_04,Y,signer_04_session_2,1.08,1.12,-5.07
sample_00393,train,signer_04,Y,signer_04_session_3,1.08,1.12,2.31
sample_00394,train,signer_04,Y,signer_04_session_4,1.08,1.12,-6.38
sample_00395,train,signer_04,Y,signer_04_session_5,1.08,1.12,5.83
sample_00396,train,signer_04,Y,signer_04_session_6,1.08,1.12,-4.14
sample_00397,train,signer_04,Y,signer_04_session_7,1.08,1.12,-7.77
sample_00398,train,signer_04,Y,signer_04_session_8,1.08,1.12,-7.84
sample_00399,train,signer_04,Y,signer_04_session_9,1.08,1.12,3.02
sample_00400,train,signer_04,Y,signer_04_session_10,1.08,1.12,-5.55
sample_00401,train,signer_05,G,signer_05_session_1,0.98,0.97,0.31
sample_00402,train,signer_05,G,signer_05_session_2,0.98,0.97,-2.79
sample_00403,train,signer_05,G,signer_05_session_3,0.98,0.97,4.03
sample_00404,train,signer_05,G,signer_05_session_4,0.98,0.97,0.85
sample_00405,train,signer_05,G,signer_05_session_5,0.98,0.97,6.1
sample_00406,train,signer_05,G,signer_05_session_6,0.98,0.97,5.95
sample_00407,train,signer_05,G,signer_05_session_7,0.98,0.97,1.74
sample_00408,train,signer_05,G,signer_05_session_8,0.98,0.97,-1.54
sample_00409,train,signer_05,G,signer_05_session_9,0.98,0.97,0.3
sample_00410,train,signer_05,G,signer_05_session_10,0.98,0.97,-3.89
sample_00411,train,signer_05,I,signer_05_session_1,0.98,0.97,-6.59
sample_00412,train,signer_05,I,signer_05_session_2,0.98,0.97,5.76
sample_00413,train,signer_05,I,signer_05_session_3,0.98,0.97,3.07
sample_00414,train,signer_05,I,signer_05_session_4,0.98,0.97,7.23
sample_00415,train,signer_05,I,signer_05_session_5,0.98,0.97,-7.6
sample_00416,train,signer_05,I,signer_05_session_6,0.98,0.97,-2.02
sample_00417,train,signer_05,I,signer_05_session_7,0.98,0.97,-5.79
sample_00418,train,signer_05,I,signer_05_session_8,0.98,0.97,6.54
sample_00419,train,signer_05,I,signer_05_session_9,0.98,0.97,4.01
sample_00420,train,signer_05,I,signer_05_session_10,0.98,0.97,-5.5
sample_00421,train,signer_05,K,signer_05_session_1,0.98,0.97,-6.37
sample_00422,train,signer_05,K,signer_05_session_2,0.98,0.97,-0.13
sample_00423,train,signer_05,K,signer_05_session_3,0.98,0.97,-7.56
sample_00424,train,signer_05,K,signer_05_session_4,0.98,0.97,5.75
sample_00425,train,signer_05,K,signer_05_session_5,0.98,0.97,5.83
sample_00426,train,signer_05,K,signer_05_session_6,0.98,0.97,4.87
sample_00427,train,signer_05,K,signer_05_session_7,0.98,0.97,3.29
sample_00428,train,signer_05,K,signer_05_session_8,0.98,0.97,5.26
sample_00429,train,signer_05,K,signer_05_session_9,0.98,0.97,-1.8
sample_00430,train,signer_05,K,signer_05_session_10,0.98,0.97,0.9
sample_00431,train,signer_05,O,signer_05_session_1,0.98,0.97,-1.71
sample_00432,train,signer_05,O,signer_05_session_2,0.98,0.97,-1.76
sample_00433,train,signer_05,O,signer_05_session_3,0.98,0.97,-6.01
sample_00434,train,signer_05,O,signer_05_session_4,0.98,0.97,3.88
sample_00435,train,signer_05,O,signer_05_session_5,0.98,0.97,4.9
sample_00436,train,signer_05,O,signer_05_session_6,0.98,0.97,2.16
sample_00437,train,signer_05,O,signer_05_session_7,0.98,0.97,-1.89
sample_00438,train,signer_05,O,signer_05_session_8,0.98,0.97,-6.97
sample_00439,train,signer_05,O,signer_05_session_9,0.98,0.97,3.66
sample_00440,train,signer_05,O,signer_05_session_10,0.98,0.97,0.7
sample_00441,train,signer_05,P,signer_05_session_1,0.98,0.97,-6.38
sample_00442,train,signer_05,P,signer_05_session_2,0.98,0.97,-3.71
sample_00443,train,signer_05,P,signer_05_session_3,0.98,0.97,-0.9
sample_00444,train,signer_05,P,signer_05_session_4,0.98,0.97,-2.26
sample_00445,train,signer_05,P,signer_05_session_5,0.98,0.97,-0.03
sample_00446,train,signer_05,P,signer_05_session_6,0.98,0.97,-4.66
sample_00447,train,signer_05,P,signer_05_session_7,0.98,0.97,3.0
sample_00448,train,signer_05,P,signer_05_session_8,0.98,0.97,-0.21
sample_00449,train,signer_05,P,signer_05_session_9,0.98,0.97,0.17
sample_00450,train,signer_05,P,signer_05_session_10,0.98,0.97,-7.02
sample_00451,train,signer_05,S,signer_05_session_1,0.98,0.97,-6.44
sample_00452,train,signer_05,S,signer_05_session_2,0.98,0.97,7.84
sample_00453,train,signer_05,S,signer_05_session_3,0.98,0.97,4.62
sample_00454,train,signer_05,S,signer_05_session_4,0.98,0.97,-4.8
sample_00455,train,signer_05,S,signer_05_session_5,0.98,0.97,7.56
sample_00456,train,signer_05,S,signer_05_session_6,0.98,0.97,7.76
sample_00457,train,signer_05,S,signer_05_session_7,0.98,0.97,6.2
sample_00458,train,signer_05,S,signer_05_session_8,0.98,0.97,6.35
sample_00459,train,signer_05,S,signer_05_session_9,0.98,0.97,-5.36
sample_00460,train,signer_05,S,signer_05_session_10,0.98,0.97,-2.78
sample_00461,train,signer_05,U,signer_05_session_1,0.98,0.97,-3.49
sample_00462,train,signer_05,U,signer_05_session_2,0.98,0.97,5.51
sample_00463,train,signer_05,U,signer_05_session_3,0.98,0.97,-2.5
sample_00464,train,signer_05,U,signer_05_session_4,0.98,0.97,6.16
sample_00465,train,signer_05,U,signer_05_session_5,0.98,0.97,3.22
sample_00466,train,signer_05,U,signer_05_session_6,0.98,0.97,-6.94
sample_00467,train,signer_05,U,signer_05_session_7,0.98,0.97,-0.15
sample_00468,train,signer_05,U,signer_05_session_8,0.98,0.97,3.94
sample_00469,train,signer_05,U,signer_05_session_9,0.98,0.97,-3.7
sample_00470,train,signer_05,U,signer_05_session_10,0.98,0.97,-2.43
sample_00471,train,signer_05,V,signer_05_session_1,0.98,0.97,6.47
sample_00472,train,signer_05,V,signer_05_session_2,0.98,0.97,-5.35
sample_00473,train,signer_05,V,signer_05_session_3,0.98,0.97,-4.25
sample_00474,train,signer_05,V,signer_05_session_4,0.98,0.97,7.09
sample_00475,train,signer_05,V,signer_05_session_5,0.98,0.97,-5.8
sample_00476,train,signer_05,V,signer_05_session_6,0.98,0.97,-7.77
sample_00477,train,signer_05,V,signer_05_session_7,0.98,0.97,2.23
sample_00478,train,signer_05,V,signer_05_session_8,0.98,0.97,-4.68
sample_00479,train,signer_05,V,signer_05_session_9,0.98,0.97,-2.36
sample_00480,train,signer_05,V,signer_05_session_10,0.98,0.97,-4.14
sample_00481,train,signer_05,X,signer_05_session_1,0.98,0.97,-2.83
sample_00482,train,signer_05,X,signer_05_session_2,0.98,0.97,-6.55
sample_00483,train,signer_05,X,signer_05_session_3,0.98,0.97,2.47
sample_00484,train,signer_05,X,signer_05_session_4,0.98,0.97,0.02
sample_00485,train,signer_05,X,signer_05_session_5,0.98,0.97,3.32
sample_00486,train,signer_05,X,signer_05_session_6,0.98,0.97,-7.64
sample_00487,train,signer_05,X,signer_05_session_7,0.98,0.97,-6.15
sample_00488,train,signer_05,X,signer_05_session_8,0.98,0.97,-4.28
sample_00489,train,signer_05,X,signer_05_session_9,0.98,0.97,-5.5
sample_00490,train,signer_05,X,signer_05_session_10,0.98,0.97,2.61
sample_00491,train,signer_05,Y,signer_05_session_1,0.98,0.97,-7.72
sample_00492,train,signer_05,Y,signer_05_session_2,0.98,0.97,7.33
sample_00493,train,signer_05,Y,signer_05_session_3,0.98,0.97,6.52
sample_00494,train,signer_05,Y,signer_05_session_4,0.98,0.97,3.71
sample_00495,train,signer_05,Y,signer_05_session_5,0.98,0.97,4.18
sample_00496,train,signer_05,Y,signer_05_session_6,0.98,0.97,1.82
sample_00497,train,signer_05,Y,signer_05_session_7,0.98,0.97,6.29
sample_00498,train,signer_05,Y,signer_05_session_8,0.98,0.97,2.75
sample_00499,train,signer_05,Y,signer_05_session_9,0.98,0.97,6.85
sample_00500,train,signer_05,Y,signer_05_session_10,0.98,0.97,3.89
sample_00501,train,signer_06,G,signer_06_session_1,0.92,0.99,1.04
sample_00502,train,signer_06,G,signer_06_session_2,0.92,0.99,-2.81
sample_00503,train,signer_06,G,signer_06_session_3,0.92,0.99,-3.21
sample_00504,train,signer_06,G,signer_06_session_4,0.92,0.99,-3.64
sample_00505,train,signer_06,G,signer_06_session_5,0.92,0.99,4.2
sample_00506,train,signer_06,G,signer_06_session_6,0.92,0.99,0.47
sample_00507,train,signer_06,G,signer_06_session_7,0.92,0.99,-5.5
sample_00508,train,signer_06,G,signer_06_session_8,0.92,0.99,0.82
sample_00509,train,signer_06,G,signer_06_session_9,0.92,0.99,-7.26
sample_00510,train,signer_06,G,signer_06_session_10,0.92,0.99,2.48
sample_00511,train,signer_06,I,signer_06_session_1,0.92,0.99,5.65
sample_00512,train,signer_06,I,signer_06_session_2,0.92,0.99,-1.39
sample_00513,train,signer_06,I,signer_06_session_3,0.92,0.99,-2.07
sample_00514,train,signer_06,I,signer_06_session_4,0.92,0.99,3.13
sample_00515,train,signer_06,I,signer_06_session_5,0.92,0.99,1.11
sample_00516,train,signer_06,I,signer_06_session_6,0.92,0.99,-1.19
sample_00517,train,signer_06,I,signer_06_session_7,0.92,0.99,-0.35
sample_00518,train,signer_06,I,signer_06_session_8,0.92,0.99,0.72
sample_00519,train,signer_06,I,signer_06_session_9,0.92,0.99,7.18
sample_00520,train,signer_06,I,signer_06_session_10,0.92,0.99,6.61
sample_00521,train,signer_06,K,signer_06_session_1,0.92,0.99,-0.71
sample_00522,train,signer_06,K,signer_06_session_2,0.92,0.99,-0.3
sample_00523,train,signer_06,K,signer_06_session_3,0.92,0.99,7.7
sample_00524,train,signer_06,K,signer_06_session_4,0.92,0.99,-1.98
sample_00525,train,signer_06,K,signer_06_session_5,0.92,0.99,3.01
sample_00526,train,signer_06,K,signer_06_session_6,0.92,0.99,-5.61
sample_00527,train,signer_06,K,signer_06_session_7,0.92,0.99,-4.87
sample_00528,train,signer_06,K,signer_06_session_8,0.92,0.99,-1.61
sample_00529,train,signer_06,K,signer_06_session_9,0.92,0.99,2.69
sample_00530,train,signer_06,K,signer_06_session_10,0.92,0.99,-7.45
sample_00531,train,signer_06,O,signer_06_session_1,0.92,0.99,-1.26
sample_00532,train,signer_06,O,signer_06_session_2,0.92,0.99,-1.17
sample_00533,train,signer_06,O,signer_06_session_3,0.92,0.99,4.35
sample_00534,train,signer_06,O,signer_06_session_4,0.92,0.99,3.7
sample_00535,train,signer_06,O,signer_06_session_5,0.92,0.99,4.85
sample_00536,train,signer_06,O,signer_06_session_6,0.92,0.99,1.26
sample_00537,train,signer_06,O,signer_06_session_7,0.92,0.99,-6.58
sample_00538,train,signer_06,O,signer_06_session_8,0.92,0.99,-0.66
sample_00539,train,signer_06,O,signer_06_session_9,0.92,0.99,-5.49
sample_00540,train,signer_06,O,signer_06_session_10,0.92,0.99,7.9
sample_00541,train,signer_06,P,signer_06_session_1,0.92,0.99,-6.62
sample_00542,train,signer_06,P,signer_06_session_2,0.92,0.99,0.2
sample_00543,train,signer_06,P,signer_06_session_3,0.92,0.99,-5.16
sample_00544,train,signer_06,P,signer_06_session_4,0.92,0.99,-0.28
sample_00545,train,signer_06,P,signer_06_session_5,0.92,0.99,5.06
sample_00546,train,signer_06,P,signer_06_session_6,0.92,0.99,1.03
sample_00547,train,signer_06,P,signer_06_session_7,0.92,0.99,-0.35
sample_00548,train,signer_06,P,signer_06_session_8,0.92,0.99,-2.56
sample_00549,train,signer_06,P,signer_06_session_9,0.92,0.99,-6.12
sample_00550,train,signer_06,P,signer_06_session_10,0.92,0.99,-1.52
sample_00551,train,signer_06,S,signer_06_session_1,0.92,0.99,-7.48
sample_00552,train,signer_06,S,signer_06_session_2,0.92,0.99,2.87
sample_00553,train,signer_06,S,signer_06_session_3,0.92,0.99,-2.72
sample_00554,train,signer_06,S,signer_06_session_4,0.92,0.99,3.53
sample_00555,train,signer_06,S,signer_06_session_5,0.92,0.99,-0.98
sample_00556,train,signer_06,S,signer_06_session_6,0.92,0.99,7.87
sample_00557,train,signer_06,S,signer_06_session_7,0.92,0.99,6.8
sample_00558,train,signer_06,S,signer_06_session_8,0.92,0.99,-3.53
sample_00559,train,signer_06,S,signer_06_session_9,0.92,0.99,-3.51
sample_00560,train,signer_06,S,signer_06_session_10,0.92,0.99,-6.51
sample_00561,train,signer_06,U,signer_06_session_1,0.92,0.99,3.99
sample_00562,train,signer_06,U,signer_06_session_2,0.92,0.99,-5.84
sample_00563,train,signer_06,U,signer_06_session_3,0.92,0.99,-0.75
sample_00564,train,signer_06,U,signer_06_session_4,0.92,0.99,-5.51
sample_00565,train,signer_06,U,signer_06_session_5,0.92,0.99,6.8
sample_00566,train,signer_06,U,signer_06_session_6,0.92,0.99,-0.16
sample_00567,train,signer_06,U,signer_06_session_7,0.92,0.99,-5.74
sample_00568,train,signer_06,U,signer_06_session_8,0.92,0.99,-2.27
sample_00569,train,signer_06,U,signer_06_session_9,0.92,0.99,-6.16
sample_00570,train,signer_06,U,signer_06_session_10,0.92,0.99,-5.73
sample_00571,train,signer_06,V,signer_06_session_1,0.92,0.99,-3.09
sample_00572,train,signer_06,V,signer_06_session_2,0.92,0.99,-1.96
sample_00573,train,signer_06,V,signer_06_session_3,0.92,0.99,-6.71
sample_00574,train,signer_06,V,signer_06_session_4,0.92,0.99,-6.62
sample_00575,train,signer_06,V,signer_06_session_5,0.92,0.99,4.19
sample_00576,train,signer_06,V,signer_06_session_6,0.92,0.99,1.93
sample_00577,train,signer_06,V,signer_06_session_7,0.92,0.99,-6.86
sample_00578,train,signer_06,V,signer_06_session_8,0.92,0.99,3.52
sample_00579,train,signer_06,V,signer_06_session_9,0.92,0.99,5.54
sample_00580,train,signer_06,V,signer_06_session_10,0.92,0.99,4.9
sample_00581,train,signer_06,X,signer_06_session_1,0.92,0.99,-3.7
sample_00582,train,signer_06,X,signer_06_session_2,0.92,0.99,-4.43
sample_00583,train,signer_06,X,signer_06_session_3,0.92,0.99,-4.09
sample_00584,train,signer_06,X,signer_06_session_4,0.92,0.99,3.99
sample_00585,train,signer_06,X,signer_06_session_5,0.92,0.99,3.23
sample_00586,train,signer_06,X,signer_06_session_6,0.92,0.99,-3.3
sample_00587,train,signer_06,X,signer_06_session_7,0.92,0.99,3.15
sample_00588,train,signer_06,X,signer_06_session_8,0.92,0.99,-2.35
sample_00589,train,signer_06,X,signer_06_session_9,0.92,0.99,-3.39
sample_00590,train,signer_06,X,signer_06_session_10,0.92,0.99,-5.28
sample_00591,train,signer_06,Y,signer_06_session_1,0.92,0.99,-4.78
sample_00592,train,signer_06,Y,signer_06_session_2,0.92,0.99,1.13
sample_00593,train,signer_06,Y,signer_06_session_3,0.92,0.99,-1.39
sample_00594,train,signer_06,Y,signer_06_session_4,0.92,0.99,7.8
sample_00595,train,signer_06,Y,signer_06_session_5,0.92,0.99,4.81
sample_00596,train,signer_06,Y,signer_06_session_6,0.92,0.99,3.19
sample_00597,train,signer_06,Y,signer_06_session_7,0.92,0.99,-7.26
sample_00598,train,signer_06,Y,signer_06_session_8,0.92,0.99,6.71
sample_00599,train,signer_06,Y,signer_06_session_9,0.92,0.99,-5.27
sample_00600,train,signer_06,Y,signer_06_session_10,0.92,0.99,-7.58
sample_00601,validation,signer_07,G,signer_07_session_1,0.88,0.92,4.85
sample_00602,validation,signer_07,G,signer_07_session_2,0.88,0.92,0.84
sample_00603,validation,signer_07,G,signer_07_session_3,0.88,0.92,-6.15
sample_00604,validation,signer_07,G,signer_07_session_4,0.88,0.92,4.26
sample_00605,validation,signer_07,G,signer_07_session_5,0.88,0.92,-4.48
sample_00606,validation,signer_07,G,signer_07_session_6,0.88,0.92,-7.26
sample_00607,validation,signer_07,G,signer_07_session_7,0.88,0.92,-2.51
sample_00608,validation,signer_07,G,signer_07_session_8,0.88,0.92,-5.85
sample_00609,validation,signer_07,G,signer_07_session_9,0.88,0.92,-7.72
sample_00610,validation,signer_07,G,signer_07_session_10,0.88,0.92,-0.2
sample_00611,validation,signer_07,I,signer_07_session_1,0.88,0.92,2.59
sample_00612,validation,signer_07,I,signer_07_session_2,0.88,0.92,0.62
sample_00613,validation,signer_07,I,signer_07_session_3,0.88,0.92,-5.88
sample_00614,validation,signer_07,I,signer_07_session_4,0.88,0.92,5.79
sample_00615,validation,signer_07,I,signer_07_session_5,0.88,0.92,5.91
sample_00616,validation,signer_07,I,signer_07_session_6,0.88,0.92,-7.76
sample_00617,validation,signer_07,I,signer_07_session_7,0.88,0.92,1.54
sample_00618,validation,signer_07,I,signer_07_session_8,0.88,0.92,-6.22
sample_00619,validation,signer_07,I,signer_07_session_9,0.88,0.92,-6.42
sample_00620,validation,signer_07,I,signer_07_session_10,0.88,0.92,1.15
sample_00621,validation,signer_07,K,signer_07_session_1,0.88,0.92,-7.6
sample_00622,validation,signer_07,K,signer_07_session_2,0.88,0.92,6.54
sample_00623,validation,signer_07,K,signer_07_session_3,0.88,0.92,-3.85
sample_00624,validation,signer_07,K,signer_07_session_4,0.88,0.92,2.68
sample_00625,validation,signer_07,K,signer_07_session_5,0.88,0.92,4.06
sample_00626,validation,signer_07,K,signer_07_session_6,0.88,0.92,1.54
sample_00627,validation,signer_07,K,signer_07_session_7,0.88,0.92,-7.4
sample_00628,validation,signer_07,K,signer_07_session_8,0.88,0.92,3.32
sample_00629,validation,signer_07,K,signer_07_session_9,0.88,0.92,-0.15
sample_00630,validation,signer_07,K,signer_07_session_10,0.88,0.92,7.27
sample_00631,validation,signer_07,O,signer_07_session_1,0.88,0.92,5.86
sample_00632,validation,signer_07,O,signer_07_session_2,0.88,0.92,5.99
sample_00633,validation,signer_07,O,signer_07_session_3,0.88,0.92,-5.56
sample_00634,validation,signer_07,O,signer_07_session_4,0.88,0.92,6.27
sample_00635,validation,signer_07,O,signer_07_session_5,0.88,0.92,2.9
sample_00636,validation,signer_07,O,signer_07_session_6,0.88,0.92,2.68
sample_00637,validation,signer_07,O,signer_07_session_7,0.88,0.92,3.27
sample_00638,validation,signer_07,O,signer_07_session_8,0.88,0.92,7.24
sample_00639,validation,signer_07,O,signer_07_session_9,0.88,0.92,7.0
sample_00640,validation,signer_07,O,signer_07_session_10,0.88,0.92,-7.82
sample_00641,validation,signer_07,P,signer_07_session_1,0.88,0.92,-3.55
sample_00642,validation,signer_07,P,signer_07_session_2,0.88,0.92,5.54
sample_00643,validation,signer_07,P,signer_07_session_3,0.88,0.92,5.73
sample_00644,validation,signer_07,P,signer_07_session_4,0.88,0.92,4.16
sample_00645,validation,signer_07,P,signer_07_session_5,0.88,0.92,1.47
sample_00646,validation,signer_07,P,signer_07_session_6,0.88,0.92,-7.95
sample_00647,validation,signer_07,P,signer_07_session_7,0.88,0.92,-2.15
sample_00648,validation,signer_07,P,signer_07_session_8,0.88,0.92,-4.0
sample_00649,validation,signer_07,P,signer_07_session_9,0.88,0.92,3.82
sample_00650,validation,signer_07,P,signer_07_session_10,0.88,0.92,-1.3
sample_00651,validation,signer_07,S,signer_07_session_1,0.88,0.92,2.2
sample_00652,validation,signer_07,S,signer_07_session_2,0.88,0.92,7.73
sample_00653,validation,signer_07,S,signer_07_session_3,0.88,0.92,-2.45
sample_00654,validation,signer_07,S,signer_07_session_4,0.88,0.92,4.06
sample_00655,validation,signer_07,S,signer_07_session_5,0.88,0.92,3.48
sample_00656,validation,signer_07,S,signer_07_session_6,0.88,0.92,-7.64
sample_00657,validation,signer_07,S,signer_07_session_7,0.88,0.92,1.15
sample_00658,validation,signer_07,S,signer_07_session_8,0.88,0.92,6.78
sample_00659,validation,signer_07,S,signer_07_session_9,0.88,0.92,1.63
sample_00660,validation,signer_07,S,signer_07_session_10,0.88,0.92,1.29
sample_00661,validation,signer_07,U,signer_07_session_1,0.88,0.92,3.5
sample_00662,validation,signer_07,U,signer_07_session_2,0.88,0.92,2.26
sample_00663,validation,signer_07,U,signer_07_session_3,0.88,0.92,4.22
sample_00664,validation,signer_07,U,signer_07_session_4,0.88,0.92,6.76
sample_00665,validation,signer_07,U,signer_07_session_5,0.88,0.92,3.93
sample_00666,validation,signer_07,U,signer_07_session_6,0.88,0.92,-5.47
sample_00667,validation,signer_07,U,signer_07_session_7,0.88,0.92,-3.15
sample_00668,validation,signer_07,U,signer_07_session_8,0.88,0.92,3.35
sample_00669,validation,signer_07,U,signer_07_session_9,0.88,0.92,1.34
sample_00670,validation,signer_07,U,signer_07_session_10,0.88,0.92,5.18
sample_00671,validation,signer_07,V,signer_07_session_1,0.88,0.92,-7.46
sample_00672,validation,signer_07,V,signer_07_session_2,0.88,0.92,0.25
sample_00673,validation,signer_07,V,signer_07_session_3,0.88,0.92,-2.71
sample_00674,validation,signer_07,V,signer_07_session_4,0.88,0.92,-7.93
sample_00675,validation,signer_07,V,signer_07_session_5,0.88,0.92,-0.29
sample_00676,validation,signer_07,V,signer_07_session_6,0.88,0.92,-0.04
sample_00677,validation,signer_07,V,signer_07_session_7,0.88,0.92,-2.08
sample_00678,validation,signer_07,V,signer_07_session_8,0.88,0.92,-1.17
sample_00679,validation,signer_07,V,signer_07_session_9,0.88,0.92,6.51
sample_00680,validation,signer_07,V,signer_07_session_10,0.88,0.92,2.05
sample_00681,validation,signer_07,X,signer_07_session_1,0.88,0.92,5.96
sample_00682,validation,signer_07,X,signer_07_session_2,0.88,0.92,0.17
sample_00683,validation,signer_07,X,signer_07_session_3,0.88,0.92,-3.95
sample_00684,validation,signer_07,X,signer_07_session_4,0.88,0.92,1.58
sample_00685,validation,signer_07,X,signer_07_session_5,0.88,0.92,-1.9
sample_00686,validation,signer_07,X,signer_07_session_6,0.88,0.92,1.15
sample_00687,validation,signer_07,X,signer_07_session_7,0.88,0.92,-3.98
sample_00688,validation,signer_07,X,signer_07_session_8,0.88,0.92,4.21
sample_00689,validation,signer_07,X,signer_07_session_9,0.88,0.92,1.08
sample_00690,validation,signer_07,X,signer_07_session_10,0.88,0.92,-5.27
sample_00691,validation,signer_07,Y,signer_07_session_1,0.88,0.92,-7.26
sample_00692,validation,signer_07,Y,signer_07_session_2,0.88,0.92,-7.03
sample_00693,validation,signer_07,Y,signer_07_session_3,0.88,0.92,4.13
sample_00694,validation,signer_07,Y,signer_07_session_4,0.88,0.92,-2.83
sample_00695,validation,signer_07,Y,signer_07_session_5,0.88,0.92,4.65
sample_00696,validation,signer_07,Y,signer_07_session_6,0.88,0.92,3.0
sample_00697,validation,signer_07,Y,signer_07_session_7,0.88,0.92,6.09
sample_00698,validation,signer_07,Y,signer_07_session_8,0.88,0.92,-0.43
sample_00699,validation,signer_07,Y,signer_07_session_9,0.88,0.92,-2.81
sample_00700,validation,signer_07,Y,signer_07_session_10,0.88,0.92,1.99
sample_00701,validation,signer_08,G,signer_08_session_1,1.11,0.91,-2.75
sample_00702,validation,signer_08,G,signer_08_session_2,1.11,0.91,-4.44
sample_00703,validation,signer_08,G,signer_08_session_3,1.11,0.91,-0.35
sample_00704,validation,signer_08,G,signer_08_session_4,1.11,0.91,4.37
sample_00705,validation,signer_08,G,signer_08_session_5,1.11,0.91,-4.29
sample_00706,validation,signer_08,G,signer_08_session_6,1.11,0.91,-4.16
sample_00707,validation,signer_08,G,signer_08_session_7,1.11,0.91,-5.93
sample_00708,validation,signer_08,G,signer_08_session_8,1.11,0.91,3.52
sample_00709,validation,signer_08,G,signer_08_session_9,1.11,0.91,1.35
sample_00710,validation,signer_08,G,signer_08_session_10,1.11,0.91,5.62
sample_00711,validation,signer_08,I,signer_08_session_1,1.11,0.91,-0.45
sample_00712,validation,signer_08,I,signer_08_session_2,1.11,0.91,-2.75
sample_00713,validation,signer_08,I,signer_08_session_3,1.11,0.91,-5.97
sample_00714,validation,signer_08,I,signer_08_session_4,1.11,0.91,-1.85
sample_00715,validation,signer_08,I,signer_08_session_5,1.11,0.91,-7.25
sample_00716,validation,signer_08,I,signer_08_session_6,1.11,0.91,-2.56
sample_00717,validation,signer_08,I,signer_08_session_7,1.11,0.91,2.86
sample_00718,validation,signer_08,I,signer_08_session_8,1.11,0.91,6.57
sample_00719,validation,signer_08,I,signer_08_session_9,1.11,0.91,1.27
sample_00720,validation,signer_08,I,signer_08_session_10,1.11,0.91,6.08
sample_00721,validation,signer_08,K,signer_08_session_1,1.11,0.91,-2.67
sample_00722,validation,signer_08,K,signer_08_session_2,1.11,0.91,-0.3
sample_00723,validation,signer_08,K,signer_08_session_3,1.11,0.91,-3.22
sample_00724,validation,signer_08,K,signer_08_session_4,1.11,0.91,-6.04
sample_00725,validation,signer_08,K,signer_08_session_5,1.11,0.91,-5.23
sample_00726,validation,signer_08,K,signer_08_session_6,1.11,0.91,-6.66
sample_00727,validation,signer_08,K,signer_08_session_7,1.11,0.91,-0.35
sample_00728,validation,signer_08,K,signer_08_session_8,1.11,0.91,-6.23
sample_00729,validation,signer_08,K,signer_08_session_9,1.11,0.91,3.23
sample_00730,validation,signer_08,K,signer_08_session_10,1.11,0.91,2.41
sample_00731,validation,signer_08,O,signer_08_session_1,1.11,0.91,-3.65
sample_00732,validation,signer_08,O,signer_08_session_2,1.11,0.91,-1.44
sample_00733,validation,signer_08,O,signer_08_session_3,1.11,0.91,7.73
sample_00734,validation,signer_08,O,signer_08_session_4,1.11,0.91,3.26
sample_00735,validation,signer_08,O,signer_08_session_5,1.11,0.91,5.05
sample_00736,validation,signer_08,O,signer_08_session_6,1.11,0.91,-2.81
sample_00737,validation,signer_08,O,signer_08_session_7,1.11,0.91,-6.77
sample_00738,validation,signer_08,O,signer_08_session_8,1.11,0.91,7.53
sample_00739,validation,signer_08,O,signer_08_session_9,1.11,0.91,-1.62
sample_00740,validation,signer_08,O,signer_08_session_10,1.11,0.91,7.23
sample_00741,validation,signer_08,P,signer_08_session_1,1.11,0.91,-0.67
sample_00742,validation,signer_08,P,signer_08_session_2,1.11,0.91,7.32
sample_00743,validation,signer_08,P,signer_08_session_3,1.11,0.91,5.78
sample_00744,validation,signer_08,P,signer_08_session_4,1.11,0.91,2.77
sample_00745,validation,signer_08,P,signer_08_session_5,1.11,0.91,0.09
sample_00746,validation,signer_08,P,signer_08_session_6,1.11,0.91,1.57
sample_00747,validation,signer_08,P,signer_08_session_7,1.11,0.91,2.41
sample_00748,validation,signer_08,P,signer_08_session_8,1.11,0.91,-7.89
sample_00749,validation,signer_08,P,signer_08_session_9,1.11,0.91,1.89
sample_00750,validation,signer_08,P,signer_08_session_10,1.11,0.91,1.69
sample_00751,validation,signer_08,S,signer_08_session_1,1.11,0.91,-0.63
sample_00752,validation,signer_08,S,signer_08_session_2,1.11,0.91,7.3
sample_00753,validation,signer_08,S,signer_08_session_3,1.11,0.91,-6.02
sample_00754,validation,signer_08,S,signer_08_session_4,1.11,0.91,-7.38
sample_00755,validation,signer_08,S,signer_08_session_5,1.11,0.91,-2.81
sample_00756,validation,signer_08,S,signer_08_session_6,1.11,0.91,-0.82
sample_00757,validation,signer_08,S,signer_08_session_7,1.11,0.91,-6.67
sample_00758,validation,signer_08,S,signer_08_session_8,1.11,0.91,2.8
sample_00759,validation,signer_08,S,signer_08_session_9,1.11,0.91,-3.61
sample_00760,validation,signer_08,S,signer_08_session_10,1.11,0.91,4.04
sample_00761,validation,signer_08,U,signer_08_session_1,1.11,0.91,5.03
sample_00762,validation,signer_08,U,signer_08_session_2,1.11,0.91,-5.55
sample_00763,validation,signer_08,U,signer_08_session_3,1.11,0.91,-7.49
sample_00764,validation,signer_08,U,signer_08_session_4,1.11,0.91,6.63
sample_00765,validation,signer_08,U,signer_08_session_5,1.11,0.91,6.57
sample_00766,validation,signer_08,U,signer_08_session_6,1.11,0.91,6.04
sample_00767,validation,signer_08,U,signer_08_session_7,1.11,0.91,4.17
sample_00768,validation,signer_08,U,signer_08_session_8,1.11,0.91,-3.15
sample_00769,validation,signer_08,U,signer_08_session_9,1.11,0.91,1.92
sample_00770,validation,signer_08,U,signer_08_session_10,1.11,0.91,-6.3
sample_00771,validation,signer_08,V,signer_08_session_1,1.11,0.91,-6.17
sample_00772,validation,signer_08,V,signer_08_session_2,1.11,0.91,-3.28
sample_00773,validation,signer_08,V,signer_08_session_3,1.11,0.91,-3.11
sample_00774,validation,signer_08,V,signer_08_session_4,1.11,0.91,5.91
sample_00775,validation,signer_08,V,signer_08_session_5,1.11,0.91,-3.46
sample_00776,validation,signer_08,V,signer_08_session_6,1.11,0.91,0.36
sample_00777,validation,signer_08,V,signer_08_session_7,1.11,0.91,6.71
sample_00778,validation,signer_08,V,signer_08_session_8,1.11,0.91,-4.14
sample_00779,validation,signer_08,V,signer_08_session_9,1.11,0.91,5.04
sample_00780,validation,signer_08,V,signer_08_session_10,1.11,0.91,-2.86
sample_00781,validation,signer_08,X,signer_08_session_1,1.11,0.91,-1.45
sample_00782,validation,signer_08,X,signer_08_session_2,1.11,0.91,6.43
sample_00783,validation,signer_08,X,signer_08_session_3,1.11,0.91,0.84
sample_00784,validation,signer_08,X,signer_08_session_4,1.11,0.91,-4.56
sample_00785,validation,signer_08,X,signer_08_session_5,1.11,0.91,4.26
sample_00786,validation,signer_08,X,signer_08_session_6,1.11,0.91,-0.49
sample_00787,validation,signer_08,X,signer_08_session_7,1.11,0.91,-0.85
sample_00788,validation,signer_08,X,signer_08_session_8,1.11,0.91,0.56
sample_00789,validation,signer_08,X,signer_08_session_9,1.11,0.91,3.82
sample_00790,validation,signer_08,X,signer_08_session_10,1.11,0.91,6.0
sample_00791,validation,signer_08,Y,signer_08_session_1,1.11,0.91,-1.2
sample_00792,validation,signer_08,Y,signer_08_session_2,1.11,0.91,-3.22
sample_00793,validation,signer_08,Y,signer_08_session_3,1.11,0.91,6.55
sample_00794,validation,signer_08,Y,signer_08_session_4,1.11,0.91,1.84
sample_00795,validation,signer_08,Y,signer_08_session_5,1.11,0.91,5.5
sample_00796,validation,signer_08,Y,signer_08_session_6,1.11,0.91,-6.49
sample_00797,validation,signer_08,Y,signer_08_session_7,1.11,0.91,4.04
sample_00798,validation,signer_08,Y,signer_08_session_8,1.11,0.91,4.06
sample_00799,validation,signer_08,Y,signer_08_session_9,1.11,0.91,-2.75
sample_00800,validation,signer_08,Y,signer_08_session_10,1.11,0.91,5.22
sample_00801,test,signer_09,G,signer_09_session_1,0.91,0.96,7.27
sample_00802,test,signer_09,G,signer_09_session_2,0.91,0.96,6.22
sample_00803,test,signer_09,G,signer_09_session_3,0.91,0.96,7.94
sample_00804,test,signer_09,G,signer_09_session_4,0.91,0.96,-6.34
sample_00805,test,signer_09,G,signer_09_session_5,0.91,0.96,-7.39
sample_00806,test,signer_09,G,signer_09_session_6,0.91,0.96,-5.82
sample_00807,test,signer_09,G,signer_09_session_7,0.91,0.96,1.49
sample_00808,test,signer_09,G,signer_09_session_8,0.91,0.96,-3.61
sample_00809,test,signer_09,G,signer_09_session_9,0.91,0.96,3.84
sample_00810,test,signer_09,G,signer_09_session_10,0.91,0.96,-1.67
sample_00811,test,signer_09,I,signer_09_session_1,0.91,0.96,4.46
sample_00812,test,signer_09,I,signer_09_session_2,0.91,0.96,6.91
sample_00813,test,signer_09,I,signer_09_session_3,0.91,0.96,0.85
sample_00814,test,signer_09,I,signer_09_session_4,0.91,0.96,-6.23
sample_00815,test,signer_09,I,signer_09_session_5,0.91,0.96,6.52
sample_00816,test,signer_09,I,signer_09_session_6,0.91,0.96,7.62
sample_00817,test,signer_09,I,signer_09_session_7,0.91,0.96,3.93
sample_00818,test,signer_09,I,signer_09_session_8,0.91,0.96,-1.65
sample_00819,test,signer_09,I,signer_09_session_9,0.91,0.96,3.19
sample_00820,test,signer_09,I,signer_09_session_10,0.91,0.96,-7.77
sample_00821,test,signer_09,K,signer_09_session_1,0.91,0.96,-6.02
sample_00822,test,signer_09,K,signer_09_session_2,0.91,0.96,-0.49
sample_00823,test,signer_09,K,signer_09_session_3,0.91,0.96,7.54
sample_00824,test,signer_09,K,signer_09_session_4,0.91,0.96,5.77
sample_00825,test,signer_09,K,signer_09_session_5,0.91,0.96,-1.06
sample_00826,test,signer_09,K,signer_09_session_6,0.91,0.96,-2.99
sample_00827,test,signer_09,K,signer_09_session_7,0.91,0.96,6.16
sample_00828,test,signer_09,K,signer_09_session_8,0.91,0.96,3.23
sample_00829,test,signer_09,K,signer_09_session_9,0.91,0.96,1.59
sample_00830,test,signer_09,K,signer_09_session_10,0.91,0.96,-6.22
sample_00831,test,signer_09,O,signer_09_session_1,0.91,0.96,5.19
sample_00832,test,signer_09,O,signer_09_session_2,0.91,0.96,7.15
sample_00833,test,signer_09,O,signer_09_session_3,0.91,0.96,2.16
sample_00834,test,signer_09,O,signer_09_session_4,0.91,0.96,2.09
sample_00835,test,signer_09,O,signer_09_session_5,0.91,0.96,4.88
sample_00836,test,signer_09,O,signer_09_session_6,0.91,0.96,-6.07
sample_00837,test,signer_09,O,signer_09_session_7,0.91,0.96,-7.8
sample_00838,test,signer_09,O,signer_09_session_8,0.91,0.96,4.96
sample_00839,test,signer_09,O,signer_09_session_9,0.91,0.96,-0.31
sample_00840,test,signer_09,O,signer_09_session_10,0.91,0.96,5.04
sample_00841,test,signer_09,P,signer_09_session_1,0.91,0.96,5.87
sample_00842,test,signer_09,P,signer_09_session_2,0.91,0.96,-1.66
sample_00843,test,signer_09,P,signer_09_session_3,0.91,0.96,2.44
sample_00844,test,signer_09,P,signer_09_session_4,0.91,0.96,-3.97
sample_00845,test,signer_09,P,signer_09_session_5,0.91,0.96,6.05
sample_00846,test,signer_09,P,signer_09_session_6,0.91,0.96,-6.05
sample_00847,test,signer_09,P,signer_09_session_7,0.91,0.96,1.0
sample_00848,test,signer_09,P,signer_09_session_8,0.91,0.96,-6.01
sample_00849,test,signer_09,P,signer_09_session_9,0.91,0.96,-1.44
sample_00850,test,signer_09,P,signer_09_session_10,0.91,0.96,1.57
sample_00851,test,signer_09,S,signer_09_session_1,0.91,0.96,-6.85
sample_00852,test,signer_09,S,signer_09_session_2,0.91,0.96,-2.24
sample_00853,test,signer_09,S,signer_09_session_3,0.91,0.96,-0.52
sample_00854,test,signer_09,S,signer_09_session_4,0.91,0.96,3.21
sample_00855,test,signer_09,S,signer_09_session_5,0.91,0.96,4.99
sample_00856,test,signer_09,S,signer_09_session_6,0.91,0.96,-6.0
sample_00857,test,signer_09,S,signer_09_session_7,0.91,0.96,6.2
sample_00858,test,signer_09,S,signer_09_session_8,0.91,0.96,-5.34
sample_00859,test,signer_09,S,signer_09_session_9,0.91,0.96,3.11
sample_00860,test,signer_09,S,signer_09_session_10,0.91,0.96,-0.28
sample_00861,test,signer_09,U,signer_09_session_1,0.91,0.96,-5.41
sample_00862,test,signer_09,U,signer_09_session_2,0.91,0.96,-5.89
sample_00863,test,signer_09,U,signer_09_session_3,0.91,0.96,5.06
sample_00864,test,signer_09,U,signer_09_session_4,0.91,0.96,-0.95
sample_00865,test,signer_09,U,signer_09_session_5,0.91,0.96,4.53
sample_00866,test,signer_09,U,signer_09_session_6,0.91,0.96,-5.99
sample_00867,test,signer_09,U,signer_09_session_7,0.91,0.96,-7.06
sample_00868,test,signer_09,U,signer_09_session_8,0.91,0.96,-5.62
sample_00869,test,signer_09,U,signer_09_session_9,0.91,0.96,1.99
sample_00870,test,signer_09,U,signer_09_session_10,0.91,0.96,-6.09
sample_00871,test,signer_09,V,signer_09_session_1,0.91,0.96,3.52
sample_00872,test,signer_09,V,signer_09_session_2,0.91,0.96,-3.46
sample_00873,test,signer_09,V,signer_09_session_3,0.91,0.96,-4.81
sample_00874,test,signer_09,V,signer_09_session_4,0.91,0.96,7.87
sample_00875,test,signer_09,V,signer_09_session_5,0.91,0.96,-4.89
sample_00876,test,signer_09,V,signer_09_session_6,0.91,0.96,-2.24
sample_00877,test,signer_09,V,signer_09_session_7,0.91,0.96,-0.04
sample_00878,test,signer_09,V,signer_09_session_8,0.91,0.96,-1.76
sample_00879,test,signer_09,V,signer_09_session_9,0.91,0.96,1.06
sample_00880,test,signer_09,V,signer_09_session_10,0.91,0.96,-3.07
sample_00881,test,signer_09,X,signer_09_session_1,0.91,0.96,-4.63
sample_00882,test,signer_09,X,signer_09_session_2,0.91,0.96,1.49
sample_00883,test,signer_09,X,signer_09_session_3,0.91,0.96,-1.02
sample_00884,test,signer_09,X,signer_09_session_4,0.91,0.96,4.37
sample_00885,test,signer_09,X,signer_09_session_5,0.91,0.96,6.79
sample_00886,test,signer_09,X,signer_09_session_6,0.91,0.96,0.53
sample_00887,test,signer_09,X,signer_09_session_7,0.91,0.96,-3.79
sample_00888,test,signer_09,X,signer_09_session_8,0.91,0.96,1.83
sample_00889,test,signer_09,X,signer_09_session_9,0.91,0.96,3.1
sample_00890,test,signer_09,X,signer_09_session_10,0.91,0.96,-0.41
sample_00891,test,signer_09,Y,signer_09_session_1,0.91,0.96,-2.74
sample_00892,test,signer_09,Y,signer_09_session_2,0.91,0.96,-4.55
sample_00893,test,signer_09,Y,signer_09_session_3,0.91,0.96,5.04
sample_00894,test,signer_09,Y,signer_09_session_4,0.91,0.96,-2.69
sample_00895,test,signer_09,Y,signer_09_session_5,0.91,0.96,-5.43
sample_00896,test,signer_09,Y,signer_09_session_6,0.91,0.96,-1.57
sample_00897,test,signer_09,Y,signer_09_session_7,0.91,0.96,7.81
sample_00898,test,signer_09,Y,signer_09_session_8,0.91,0.96,-5.72
sample_00899,test,signer_09,Y,signer_09_session_9,0.91,0.96,-6.41
sample_00900,test,signer_09,Y,signer_09_session_10,0.91,0.96,-6.92
sample_00901,test,signer_10,G,signer_10_session_1,0.96,1.01,-2.12
sample_00902,test,signer_10,G,signer_10_session_2,0.96,1.01,-6.24
sample_00903,test,signer_10,G,signer_10_session_3,0.96,1.01,-3.6
sample_00904,test,signer_10,G,signer_10_session_4,0.96,1.01,-3.74
sample_00905,test,signer_10,G,signer_10_session_5,0.96,1.01,5.71
sample_00906,test,signer_10,G,signer_10_session_6,0.96,1.01,-1.57
sample_00907,test,signer_10,G,signer_10_session_7,0.96,1.01,-0.17
sample_00908,test,signer_10,G,signer_10_session_8,0.96,1.01,-5.03
sample_00909,test,signer_10,G,signer_10_session_9,0.96,1.01,-2.98
sample_00910,test,signer_10,G,signer_10_session_10,0.96,1.01,-3.82
sample_00911,test,signer_10,I,signer_10_session_1,0.96,1.01,1.3
sample_00912,test,signer_10,I,signer_10_session_2,0.96,1.01,-2.12
sample_00913,test,signer_10,I,signer_10_session_3,0.96,1.01,0.46
sample_00914,test,signer_10,I,signer_10_session_4,0.96,1.01,-3.41
sample_00915,test,signer_10,I,signer_10_session_5,0.96,1.01,-4.39
sample_00916,test,signer_10,I,signer_10_session_6,0.96,1.01,6.57
sample_00917,test,signer_10,I,signer_10_session_7,0.96,1.01,-2.4
sample_00918,test,signer_10,I,signer_10_session_8,0.96,1.01,-4.28
sample_00919,test,signer_10,I,signer_10_session_9,0.96,1.01,-1.34
sample_00920,test,signer_10,I,signer_10_session_10,0.96,1.01,0.37
sample_00921,test,signer_10,K,signer_10_session_1,0.96,1.01,1.02
sample_00922,test,signer_10,K,signer_10_session_2,0.96,1.01,4.49
sample_00923,test,signer_10,K,signer_10_session_3,0.96,1.01,0.57
sample_00924,test,signer_10,K,signer_10_session_4,0.96,1.01,6.88
sample_00925,test,signer_10,K,signer_10_session_5,0.96,1.01,1.65
sample_00926,test,signer_10,K,signer_10_session_6,0.96,1.01,6.12
sample_00927,test,signer_10,K,signer_10_session_7,0.96,1.01,6.2
sample_00928,test,signer_10,K,signer_10_session_8,0.96,1.01,4.71
sample_00929,test,signer_10,K,signer_10_session_9,0.96,1.01,5.59
sample_00930,test,signer_10,K,signer_10_session_10,0.96,1.01,2.3
sample_00931,test,signer_10,O,signer_10_session_1,0.96,1.01,-0.62
sample_00932,test,signer_10,O,signer_10_session_2,0.96,1.01,6.24
sample_00933,test,signer_10,O,signer_10_session_3,0.96,1.01,-7.76
sample_00934,test,signer_10,O,signer_10_session_4,0.96,1.01,4.18
sample_00935,test,signer_10,O,signer_10_session_5,0.96,1.01,5.07
sample_00936,test,signer_10,O,signer_10_session_6,0.96,1.01,-5.54
sample_00937,test,signer_10,O,signer_10_session_7,0.96,1.01,-6.25
sample_00938,test,signer_10,O,signer_10_session_8,0.96,1.01,4.49
sample_00939,test,signer_10,O,signer_10_session_9,0.96,1.01,-0.01
sample_00940,test,signer_10,O,signer_10_session_10,0.96,1.01,2.33
sample_00941,test,signer_10,P,signer_10_session_1,0.96,1.01,5.25
sample_00942,test,signer_10,P,signer_10_session_2,0.96,1.01,-5.88
sample_00943,test,signer_10,P,signer_10_session_3,0.96,1.01,7.95
sample_00944,test,signer_10,P,signer_10_session_4,0.96,1.01,-0.67
sample_00945,test,signer_10,P,signer_10_session_5,0.96,1.01,2.23
sample_00946,test,signer_10,P,signer_10_session_6,0.96,1.01,-3.41
sample_00947,test,signer_10,P,signer_10_session_7,0.96,1.01,6.38
sample_00948,test,signer_10,P,signer_10_session_8,0.96,1.01,5.62
sample_00949,test,signer_10,P,signer_10_session_9,0.96,1.01,7.17
sample_00950,test,signer_10,P,signer_10_session_10,0.96,1.01,-6.86
sample_00951,test,signer_10,S,signer_10_session_1,0.96,1.01,-2.18
sample_00952,test,signer_10,S,signer_10_session_2,0.96,1.01,6.32
sample_00953,test,signer_10,S,signer_10_session_3,0.96,1.01,1.05
sample_00954,test,signer_10,S,signer_10_session_4,0.96,1.01,6.09
sample_00955,test,signer_10,S,signer_10_session_5,0.96,1.01,5.46
sample_00956,test,signer_10,S,signer_10_session_6,0.96,1.01,2.9
sample_00957,test,signer_10,S,signer_10_session_7,0.96,1.01,-2.54
sample_00958,test,signer_10,S,signer_10_session_8,0.96,1.01,-3.9
sample_00959,test,signer_10,S,signer_10_session_9,0.96,1.01,7.73
sample_00960,test,signer_10,S,signer_10_session_10,0.96,1.01,-5.68
sample_00961,test,signer_10,U,signer_10_session_1,0.96,1.01,4.65
sample_00962,test,signer_10,U,signer_10_session_2,0.96,1.01,7.03
sample_00963,test,signer_10,U,signer_10_session_3,0.96,1.01,1.76
sample_00964,test,signer_10,U,signer_10_session_4,0.96,1.01,-0.19
sample_00965,test,signer_10,U,signer_10_session_5,0.96,1.01,-7.93
sample_00966,test,signer_10,U,signer_10_session_6,0.96,1.01,-6.49
sample_00967,test,signer_10,U,signer_10_session_7,0.96,1.01,-0.14
sample_00968,test,signer_10,U,signer_10_session_8,0.96,1.01,2.32
sample_00969,test,signer_10,U,signer_10_session_9,0.96,1.01,0.19
sample_00970,test,signer_10,U,signer_10_session_10,0.96,1.01,0.42
sample_00971,test,signer_10,V,signer_10_session_1,0.96,1.01,-1.13
sample_00972,test,signer_10,V,signer_10_session_2,0.96,1.01,1.0
sample_00973,test,signer_10,V,signer_10_session_3,0.96,1.01,-2.14
sample_00974,test,signer_10,V,signer_10_session_4,0.96,1.01,6.72
sample_00975,test,signer_10,V,signer_10_session_5,0.96,1.01,1.05
sample_00976,test,signer_10,V,signer_10_session_6,0.96,1.01,2.72
sample_00977,test,signer_10,V,signer_10_session_7,0.96,1.01,0.63
sample_00978,test,signer_10,V,signer_10_session_8,0.96,1.01,-5.28
sample_00979,test,signer_10,V,signer_10_session_9,0.96,1.01,-4.27
sample_00980,test,signer_10,V,signer_10_session_10,0.96,1.01,-3.8
sample_00981,test,signer_10,X,signer_10_session_1,0.96,1.01,-6.01
sample_00982,test,signer_10,X,signer_10_session_2,0.96,1.01,-5.07
sample_00983,test,signer_10,X,signer_10_session_3,0.96,1.01,6.84
sample_00984,test,signer_10,X,signer_10_session_4,0.96,1.01,-5.66
sample_00985,test,signer_10,X,signer_10_session_5,0.96,1.01,-6.63
sample_00986,test,signer_10,X,signer_10_session_6,0.96,1.01,-1.28
sample_00987,test,signer_10,X,signer_10_session_7,0.96,1.01,4.44
sample_00988,test,signer_10,X,signer_10_session_8,0.96,1.01,-7.41
sample_00989,test,signer_10,X,signer_10_session_9,0.96,1.01,4.98
sample_00990,test,signer_10,X,signer_10_session_10,0.96,1.01,-3.48
sample_00991,test,signer_10,Y,signer_10_session_1,0.96,1.01,-5.93
sample_00992,test,signer_10,Y,signer_10_session_2,0.96,1.01,-5.07
sample_00993,test,signer_10,Y,signer_10_session_3,0.96,1.01,-7.6
sample_00994,test,signer_10,Y,signer_10_session_4,0.96,1.01,4.4
sample_00995,test,signer_10,Y,signer_10_session_5,0.96,1.01,3.72
sample_00996,test,signer_10,Y,signer_10_session_6,0.96,1.01,-2.96
sample_00997,test,signer_10,Y,signer_10_session_7,0.96,1.01,5.91
sample_00998,test,signer_10,Y,signer_10_session_8,0.96,1.01,-3.89
sample_00999,test,signer_10,Y,signer_10_session_9,0.96,1.01,-0.38
sample_01000,test,signer_10,Y,signer_10_session_10,0.96,1.01,-5.75
