Dataset_Split,Class,Original_Samples,Train_Samples,Val_Samples,Synthetic_Multiplier,Total_Synthesized,YOLO_Filter_Pass_Rate_Est,Status
ISL20C1200I,G,1200,960,240,18,21600,0.88,Archive_Only
ISL20C1200I,I,1200,960,240,18,21600,0.85,Archive_Only
ISL20C1200I,K,1200,960,240,18,21600,0.89,Archive_Only
ISL20C1200I,O,1200,960,240,18,21600,0.92,Archive_Only
ISL20C1200I,P,1200,960,240,18,21600,0.86,Archive_Only
ISL20C1200I,S,1200,960,240,18,21600,0.87,Archive_Only
ISL20C1200I,U,1200,960,240,18,21600,0.84,Archive_Only
ISL20C1200I,V,1200,960,240,18,21600,0.85,Archive_Only
ISL20C1200I,X,1200,960,240,18,21600,0.86,Archive_Only
ISL20C1200I,Y,1200,960,240,18,21600,0.88,Archive_Only
Total_10_Classes,ALL,12000,9600,2400,18,216000,0.87,Archive_Only
Stress_Test_Set,O_Base,100,0,0,1,100,0.89,Thesis_Media
Stress_Test_Set,O_Blurry,100,0,0,1,100,0.00,Thesis_Media
Stress_Test_Set,O_Skin_Background,100,0,0,1,100,1.00,Thesis_Media
Stress_Test_Set,O_Clutter,100,0,0,1,100,1.00,Thesis_Media
Stress_Test_Set,O_Zoomed_Out,100,0,0,1,100,1.00,Thesis_Media
Stress_Test_Set,O_Face_Presence,100,0,0,1,100,0.77,Thesis_Media
